"Date","Price","Open","High","Low","Vol.","Change %"
"Dec 31, 2019","6,397.4","6,449.8","6,511.5","6,335.3","3.03K","-0.81%"
"Dec 30, 2019","6,449.8","6,606.7","6,606.7","6,430.1","3.56K","-2.37%"
"Dec 29, 2019","6,606.7","6,536.7","6,729.8","6,519.4","2.11K","1.07%"
"Dec 28, 2019","6,536.6","6,485.0","6,584.8","6,473.2","1.69K","0.80%"
"Dec 27, 2019","6,485.0","6,489.9","6,507.3","6,352.0","2.84K","-0.08%"
"Dec 26, 2019","6,489.9","6,481.7","6,688.1","6,445.3","2.29K","0.12%"
"Dec 25, 2019","6,481.8","6,547.6","6,561.3","6,414.8","3.48K","-1.00%"
"Dec 24, 2019","6,547.6","6,600.1","6,707.9","6,466.7","2.64K","-0.86%"
"Dec 23, 2019","6,604.5","6,785.7","6,935.7","6,559.1","4.41K","-2.78%"
"Dec 22, 2019","6,793.2","6,455.6","6,794.0","6,438.5","2.55K","5.23%"
"Dec 21, 2019","6,455.6","6,500.5","6,500.6","6,435.4","1.02K","-0.69%"
"Dec 20, 2019","6,500.5","6,432.0","6,521.2","6,370.2","3.39K","1.08%"
"Dec 19, 2019","6,430.9","6,557.3","6,629.4","6,329.4","3.90K","-1.92%"
"Dec 18, 2019","6,556.9","5,925.7","6,700.3","5,801.0","7.24K","10.65%"
"Dec 17, 2019","5,925.6","6,182.1","6,222.0","5,890.0","5.72K","-4.15%"
"Dec 16, 2019","6,182.1","6,390.1","6,401.9","6,135.0","4.63K","-3.26%"
"Dec 15, 2019","6,390.1","6,351.3","6,478.9","6,308.6","1.98K","0.60%"
"Dec 14, 2019","6,352.2","6,524.8","6,538.0","6,305.0","1.68K","-2.65%"
"Dec 13, 2019","6,524.8","6,431.8","6,556.6","6,431.8","1.74K","1.45%"
"Dec 12, 2019","6,431.8","6,478.4","6,550.0","6,359.9","2.81K","-0.72%"
"Dec 11, 2019","6,478.4","6,515.4","6,569.8","6,448.1","2.63K","-0.57%"
"Dec 10, 2019","6,515.3","6,635.2","6,684.5","6,463.1","3.72K","-1.81%"
"Dec 09, 2019","6,635.2","6,803.7","6,917.8","6,594.5","3.86K","-2.48%"
"Dec 08, 2019","6,803.7","6,778.6","6,848.0","6,680.2","0.89K","0.37%"
"Dec 07, 2019","6,778.6","6,828.0","6,885.0","6,765.7","1.61K","-0.72%"
"Dec 06, 2019","6,828.0","6,659.5","6,867.7","6,592.4","3.42K","2.52%"
"Dec 05, 2019","6,660.0","6,493.4","6,752.1","6,456.8","3.39K","2.57%"
"Dec 04, 2019","6,493.2","6,590.1","7,000.0","6,413.2","6.37K","-1.47%"
"Dec 03, 2019","6,590.1","6,602.7","6,691.9","6,538.7","2.88K","-0.19%"
"Dec 02, 2019","6,602.7","6,724.8","6,753.5","6,501.0","3.43K","-1.86%"
"Dec 01, 2019","6,728.0","6,867.6","6,867.6","6,586.9","3.44K","-2.03%"
"Nov 30, 2019","6,867.6","7,043.3","7,098.5","6,783.2","2.01K","-2.48%"
"Nov 29, 2019","7,042.3","6,760.6","7,143.2","6,748.0","4.30K","4.17%"
"Nov 28, 2019","6,760.6","6,850.7","6,967.9","6,712.0","3.54K","-1.30%"
"Nov 27, 2019","6,849.6","6,512.9","6,979.9","6,245.3","7.00K","5.16%"
"Nov 26, 2019","6,513.4","6,483.0","6,670.3","6,390.3","3.73K","0.47%"
"Nov 25, 2019","6,483.0","6,275.0","6,714.2","5,950.0","8.78K","3.30%"
"Nov 24, 2019","6,275.7","6,659.8","6,670.0","6,232.9","2.94K","-5.77%"
"Nov 23, 2019","6,659.8","6,626.6","6,685.0","6,468.0","2.04K","0.50%"
"Nov 22, 2019","6,626.6","6,892.9","6,990.4","6,153.6","10.16K","-3.86%"
"Nov 21, 2019","6,892.9","7,297.6","7,327.2","6,712.0","5.46K","-5.57%"
"Nov 20, 2019","7,299.1","7,341.8","7,431.1","7,265.5","2.73K","-0.58%"
"Nov 19, 2019","7,341.9","7,395.0","7,412.8","7,234.6","3.27K","-0.72%"
"Nov 18, 2019","7,395.0","7,697.1","7,698.2","7,270.3","3.88K","-3.92%"
"Nov 17, 2019","7,697.1","7,687.8","7,799.9","7,600.0","1.41K","0.12%"
"Nov 16, 2019","7,687.8","7,668.3","7,733.3","7,642.9","0.89K","0.27%"
"Nov 15, 2019","7,667.0","7,833.2","7,963.8","7,611.9","4.10K","-2.13%"
"Nov 14, 2019","7,834.2","7,963.7","7,979.9","7,798.4","2.89K","-1.63%"
"Nov 13, 2019","7,963.7","8,002.3","8,025.0","7,909.0","2.21K","-0.45%"
"Nov 12, 2019","7,999.9","7,906.4","8,056.0","7,800.0","2.78K","1.18%"
"Nov 11, 2019","7,906.4","8,200.8","8,234.2","7,810.5","3.73K","-3.59%"
"Nov 10, 2019","8,200.8","8,000.2","8,269.9","7,950.5","1.91K","2.51%"
"Nov 09, 2019","8,000.2","7,961.1","8,064.3","7,910.4","1.15K","0.42%"
"Nov 08, 2019","7,966.9","8,326.6","8,362.2","7,871.1","5.26K","-4.36%"
"Nov 07, 2019","8,329.9","8,447.3","8,465.0","8,230.7","2.56K","-1.39%"
"Nov 06, 2019","8,447.3","8,405.6","8,520.0","8,376.0","2.60K","0.50%"
"Nov 05, 2019","8,405.6","8,458.6","8,524.9","8,247.6","2.94K","-0.63%"
"Nov 04, 2019","8,458.6","8,252.0","8,599.0","8,182.5","3.04K","2.50%"
"Nov 03, 2019","8,252.0","8,333.5","8,403.7","8,139.1","1.76K","-0.98%"
"Nov 02, 2019","8,333.5","8,290.7","8,400.0","8,251.0","1.35K","0.52%"
"Nov 01, 2019","8,290.7","8,212.2","8,336.0","8,123.1","2.68K","1.01%"
"Oct 31, 2019","8,208.1","8,224.5","8,450.0","8,031.1","3.70K","-0.25%"
"Oct 30, 2019","8,229.0","8,488.5","8,489.5","8,105.0","4.46K","-3.04%"
"Oct 29, 2019","8,487.0","8,305.8","8,597.1","8,197.4","3.99K","2.17%"
"Oct 28, 2019","8,306.9","8,602.3","8,948.3","8,272.5","5.18K","-3.46%"
"Oct 27, 2019","8,605.0","8,335.3","8,828.0","8,203.4","4.70K","3.24%"
"Oct 26, 2019","8,335.3","7,815.7","9,388.7","7,797.0","11.12K","6.71%"
"Oct 25, 2019","7,811.5","6,701.0","7,912.9","6,678.1","7.53K","16.57%"
"Oct 24, 2019","6,701.0","6,723.1","6,769.9","6,619.9","2.97K","-0.33%"
"Oct 23, 2019","6,723.1","7,217.1","7,241.9","6,600.1","7.33K","-6.84%"
"Oct 22, 2019","7,217.1","7,371.2","7,459.7","7,196.3","3.50K","-2.09%"
"Oct 21, 2019","7,371.2","7,378.9","7,484.0","7,311.3","2.92K","-0.10%"
"Oct 20, 2019","7,378.9","7,132.6","7,466.4","7,070.1","2.36K","3.45%"
"Oct 19, 2019","7,132.6","7,129.7","7,248.8","7,066.9","2.01K","0.04%"
"Oct 18, 2019","7,129.7","7,267.2","7,299.9","7,050.0","3.71K","-1.85%"
"Oct 17, 2019","7,264.3","7,225.8","7,314.3","7,181.0","3.57K","0.53%"
"Oct 16, 2019","7,225.8","7,400.0","7,417.2","7,161.7","3.88K","-2.35%"
"Oct 15, 2019","7,400.0","7,577.1","7,647.9","7,354.8","3.38K","-2.32%"
"Oct 14, 2019","7,576.1","7,525.0","7,624.0","7,470.2","2.35K","0.68%"
"Oct 13, 2019","7,525.0","7,532.5","7,681.9","7,415.0","1.74K","-0.10%"
"Oct 12, 2019","7,532.5","7,493.2","7,629.8","7,488.3","1.30K","0.52%"
"Oct 11, 2019","7,493.2","7,809.2","7,996.5","7,453.2","4.39K","-4.00%"
"Oct 10, 2019","7,805.2","7,813.3","7,866.5","7,677.5","3.65K","-0.10%"
"Oct 09, 2019","7,813.3","7,477.5","7,900.0","7,405.1","4.65K","4.47%"
"Oct 08, 2019","7,478.9","7,484.2","7,595.0","7,407.6","2.63K","-0.07%"
"Oct 07, 2019","7,484.2","7,164.0","7,572.6","7,085.1","5.61K","4.38%"
"Oct 06, 2019","7,170.1","7,420.0","7,448.0","7,108.0","3.10K","-3.37%"
"Oct 05, 2019","7,420.0","7,445.0","7,470.7","7,319.9","2.00K","-0.34%"
"Oct 04, 2019","7,445.0","7,515.2","7,521.3","7,325.1","2.55K","-0.93%"
"Oct 03, 2019","7,515.2","7,658.6","7,688.5","7,365.7","3.05K","-1.87%"
"Oct 02, 2019","7,658.3","7,618.5","7,664.3","7,476.5","3.06K","0.52%"
"Oct 01, 2019","7,618.5","7,619.5","7,819.6","7,530.6","4.19K","-0.01%"
"Sep 30, 2019","7,619.0","7,369.7","7,665.0","7,064.6","6.48K","3.38%"
"Sep 29, 2019","7,369.7","7,522.2","7,539.6","7,238.2","2.44K","-2.03%"
"Sep 28, 2019","7,522.2","7,498.4","7,644.4","7,355.5","2.24K","0.32%"
"Sep 27, 2019","7,498.4","7,382.2","7,580.1","7,195.6","5.45K","1.59%"
"Sep 26, 2019","7,381.3","7,715.7","7,774.0","7,083.0","7.88K","-4.34%"
"Sep 25, 2019","7,716.4","7,761.7","7,963.0","7,492.0","7.87K","-0.58%"
"Sep 24, 2019","7,761.7","8,830.0","8,917.9","7,377.6","14.72K","-12.00%"
"Sep 23, 2019","8,820.1","9,118.3","9,131.0","8,765.4","4.00K","-3.27%"
"Sep 22, 2019","9,118.3","9,062.9","9,155.1","8,952.4","1.38K","0.58%"
"Sep 21, 2019","9,065.3","9,230.9","9,233.9","9,018.7","1.58K","-1.79%"
"Sep 20, 2019","9,230.9","9,306.3","9,329.9","9,165.0","2.36K","-0.81%"
"Sep 19, 2019","9,306.0","9,222.4","9,360.0","8,750.1","5.35K","0.91%"
"Sep 18, 2019","9,222.4","9,213.4","9,269.5","9,141.3","2.54K","0.10%"
"Sep 17, 2019","9,213.4","9,328.7","9,328.7","9,204.6","2.56K","-1.24%"
"Sep 16, 2019","9,328.7","9,314.1","9,391.5","9,167.2","3.36K","0.16%"
"Sep 15, 2019","9,314.1","9,356.9","9,378.9","9,285.3","0.90K","-0.49%"
"Sep 14, 2019","9,359.7","9,351.8","9,427.4","9,252.9","1.27K","0.08%"
"Sep 13, 2019","9,351.8","9,440.4","9,445.0","9,198.0","3.00K","-0.81%"
"Sep 12, 2019","9,427.7","9,232.7","9,455.0","9,133.9","3.88K","2.12%"
"Sep 11, 2019","9,232.3","9,150.5","9,253.7","8,980.0","3.63K","0.89%"
"Sep 10, 2019","9,150.5","9,348.2","9,421.2","9,000.8","3.43K","-2.13%"
"Sep 09, 2019","9,349.3","9,456.6","9,549.9","9,143.1","3.82K","-1.13%"
"Sep 08, 2019","9,456.6","9,498.4","9,600.0","9,300.1","1.88K","-0.44%"
"Sep 07, 2019","9,498.4","9,344.7","9,578.9","9,343.9","1.64K","1.63%"
"Sep 06, 2019","9,346.4","9,590.1","9,927.6","9,267.0","5.85K","-2.54%"
"Sep 05, 2019","9,590.1","9,584.4","9,654.3","9,480.0","2.67K","0.06%"
"Sep 04, 2019","9,584.4","9,690.8","9,818.5","9,423.3","4.91K","-1.04%"
"Sep 03, 2019","9,685.1","9,477.2","9,824.0","9,365.2","5.97K","2.19%"
"Sep 02, 2019","9,477.2","8,887.8","9,534.9","8,882.6","4.94K","6.63%"
"Sep 01, 2019","8,887.8","8,755.0","8,950.0","8,700.1","1.61K","1.44%"
"Aug 31, 2019","8,761.3","8,727.1","8,820.0","8,600.5","1.21K","0.40%"
"Aug 30, 2019","8,726.4","8,589.7","8,826.2","8,473.2","3.33K","1.74%"
"Aug 29, 2019","8,577.5","8,780.5","8,780.5","8,434.4","5.10K","-2.36%"
"Aug 28, 2019","8,784.7","9,169.0","9,284.0","8,650.0","4.96K","-4.19%"
"Aug 27, 2019","9,169.0","9,333.9","9,342.8","9,043.1","2.63K","-1.77%"
"Aug 26, 2019","9,333.9","9,111.6","9,561.3","9,111.6","3.65K","2.52%"
"Aug 25, 2019","9,104.8","9,109.8","9,290.0","8,910.0","2.03K","-0.05%"
"Aug 24, 2019","9,109.8","9,338.1","9,362.2","8,900.0","2.42K","-2.44%"
"Aug 23, 2019","9,338.0","9,123.8","9,415.0","9,065.4","3.13K","2.35%"
"Aug 22, 2019","9,123.8","9,140.0","9,241.9","8,818.0","3.87K","-0.18%"
"Aug 21, 2019","9,140.0","9,699.3","9,729.9","8,889.2","6.04K","-5.77%"
"Aug 20, 2019","9,699.3","9,861.5","9,883.0","9,540.1","3.31K","-1.60%"
"Aug 19, 2019","9,856.7","9,308.9","9,865.5","9,271.0","3.86K","5.84%"
"Aug 18, 2019","9,312.9","9,211.4","9,470.9","9,090.8","1.64K","1.10%"
"Aug 17, 2019","9,211.4","9,336.4","9,439.5","9,020.1","2.24K","-1.31%"
"Aug 16, 2019","9,333.7","9,280.0","9,500.1","8,793.6","5.95K","0.58%"
"Aug 15, 2019","9,280.0","8,997.0","9,415.0","8,524.1","9.66K","3.26%"
"Aug 14, 2019","8,986.8","9,723.2","9,723.2","8,906.1","6.79K","-7.61%"
"Aug 13, 2019","9,727.4","10,154.9","10,207.9","9,612.0","4.37K","-4.21%"
"Aug 12, 2019","10,154.9","10,307.6","10,310.0","10,062.0","2.21K","-1.49%"
"Aug 11, 2019","10,308.6","10,097.3","10,342.9","9,932.0","2.18K","2.09%"
"Aug 10, 2019","10,097.3","10,589.2","10,681.9","10,045.0","3.43K","-4.66%"
"Aug 09, 2019","10,590.5","10,711.3","10,761.6","10,411.0","3.96K","-1.19%"
"Aug 08, 2019","10,718.3","10,670.0","10,763.9","10,260.5","4.11K","0.45%"
"Aug 07, 2019","10,670.0","10,228.7","10,810.0","10,137.9","6.36K","4.31%"
"Aug 06, 2019","10,229.1","10,478.7","10,987.4","10,013.1","7.16K","-2.38%"
"Aug 05, 2019","10,478.7","9,870.4","10,650.0","9,870.4","7.06K","6.16%"
"Aug 04, 2019","9,870.4","9,720.2","9,958.9","9,463.1","2.70K","1.54%"
"Aug 03, 2019","9,720.3","9,472.6","9,813.3","9,457.5","2.34K","2.61%"
"Aug 02, 2019","9,472.6","9,379.1","9,598.7","9,315.0","3.99K","1.00%"
"Aug 01, 2019","9,379.1","9,107.7","9,443.9","8,935.7","4.26K","3.06%"
"Jul 31, 2019","9,100.4","8,593.3","9,110.0","8,578.5","5.31K","5.90%"
"Jul 30, 2019","8,593.3","8,521.5","8,727.3","8,418.1","3.99K","0.84%"
"Jul 29, 2019","8,521.5","8,578.3","8,734.6","8,434.0","5.30K","-0.65%"
"Jul 28, 2019","8,577.5","8,521.8","8,635.8","8,225.9","2.50K","0.82%"
"Jul 27, 2019","8,508.0","8,846.2","9,165.0","8,401.0","4.92K","-3.83%"
"Jul 26, 2019","8,846.5","8,878.0","8,890.0","8,675.5","3.86K","-0.27%"
"Jul 25, 2019","8,870.1","8,780.0","9,146.7","8,753.4","3.81K","1.03%"
"Jul 24, 2019","8,780.0","8,850.7","8,918.9","8,558.0","6.01K","-0.80%"
"Jul 23, 2019","8,850.7","9,228.9","9,228.9","8,812.3","5.94K","-4.10%"
"Jul 22, 2019","9,228.9","9,448.9","9,536.5","9,002.0","4.76K","-2.33%"
"Jul 21, 2019","9,448.9","9,607.5","9,671.8","9,220.1","3.05K","-1.65%"
"Jul 20, 2019","9,607.5","9,393.1","9,900.0","9,256.1","4.06K","2.26%"
"Jul 19, 2019","9,395.2","9,445.0","9,569.4","9,040.0","5.76K","-0.53%"
"Jul 18, 2019","9,445.0","8,644.4","9,583.7","8,301.2","9.54K","9.21%"
"Jul 17, 2019","8,648.6","8,404.0","8,905.0","8,102.2","10.58K","2.91%"
"Jul 16, 2019","8,404.0","9,639.1","9,808.7","8,351.6","11.25K","-12.91%"
"Jul 15, 2019","9,650.0","9,456.1","9,848.3","8,801.0","8.43K","2.01%"
"Jul 14, 2019","9,460.0","10,132.2","10,195.0","9,199.0","5.69K","-6.57%"
"Jul 13, 2019","10,125.0","10,484.8","10,514.3","9,613.0","4.63K","-3.43%"
"Jul 12, 2019","10,484.8","10,088.3","10,600.0","9,850.0","5.68K","3.90%"
"Jul 11, 2019","10,091.4","10,760.1","10,760.1","9,800.0","11.62K","-6.21%"
"Jul 10, 2019","10,760.1","11,221.3","11,732.1","10,304.1","13.11K","-4.11%"
"Jul 09, 2019","11,221.3","10,975.0","11,460.7","10,835.8","10.04K","2.24%"
"Jul 08, 2019","10,975.0","10,219.9","11,063.0","10,089.6","7.59K","7.36%"
"Jul 07, 2019","10,222.4","10,017.8","10,337.6","9,856.5","3.76K","2.04%"
"Jul 06, 2019","10,017.8","9,819.9","10,422.0","9,802.6","4.93K","2.23%"
"Jul 05, 2019","9,798.8","9,883.2","10,203.2","9,593.2","7.33K","-1.02%"
"Jul 04, 2019","9,900.0","10,608.8","10,670.0","9,837.7","8.21K","-6.69%"
"Jul 03, 2019","10,609.8","9,589.0","10,643.1","9,589.0","12.63K","10.67%"
"Jul 02, 2019","9,587.1","9,374.3","9,700.0","8,556.0","14.93K","2.27%"
"Jul 01, 2019","9,374.3","9,452.5","9,874.5","8,816.1","12.17K","-0.83%"
"Jun 30, 2019","9,452.5","10,441.4","10,720.0","9,385.0","7.91K","-9.51%"
"Jun 29, 2019","10,445.4","10,876.9","10,877.3","9,950.1","7.19K","-3.97%"
"Jun 28, 2019","10,876.9","9,801.4","10,939.9","9,470.6","12.18K","10.97%"
"Jun 27, 2019","9,801.4","11,127.3","11,386.9","9,056.0","19.63K","-11.91%"
"Jun 26, 2019","11,127.2","10,336.6","12,060.0","10,211.0","22.80K","7.60%"
"Jun 25, 2019","10,340.8","9,668.9","10,378.6","9,653.2","11.17K","6.97%"
"Jun 24, 2019","9,667.1","9,484.7","9,734.8","9,250.9","6.39K","1.92%"
"Jun 23, 2019","9,484.7","9,363.9","9,862.3","9,190.5","5.86K","1.29%"
"Jun 22, 2019","9,363.9","8,970.9","9,881.7","8,726.5","12.33K","4.32%"
"Jun 21, 2019","8,976.4","8,440.0","8,979.6","8,440.0","8.54K","6.28%"
"Jun 20, 2019","8,446.1","8,256.3","8,510.0","8,168.0","5.91K","2.27%"
"Jun 19, 2019","8,258.3","8,109.4","8,289.0","8,061.9","4.09K","1.84%"
"Jun 18, 2019","8,109.4","8,316.0","8,337.4","7,984.6","7.08K","-2.48%"
"Jun 17, 2019","8,316.0","8,007.0","8,442.0","7,998.7","6.88K","3.86%"
"Jun 16, 2019","8,007.0","7,902.3","8,380.2","7,836.5","8.65K","1.32%"
"Jun 15, 2019","7,902.3","7,764.6","7,929.5","7,700.0","3.40K","1.76%"
"Jun 14, 2019","7,765.5","7,311.6","7,797.0","7,270.0","4.27K","6.21%"
"Jun 13, 2019","7,311.6","7,241.6","7,395.0","7,150.0","4.31K","0.97%"
"Jun 12, 2019","7,241.6","6,993.0","7,310.0","6,920.0","5.85K","3.55%"
"Jun 11, 2019","6,993.0","7,088.4","7,119.9","6,804.4","5.03K","-1.35%"
"Jun 10, 2019","7,088.4","6,772.7","7,150.0","6,658.9","6.12K","4.66%"
"Jun 09, 2019","6,772.7","7,015.3","7,035.8","6,667.0","2.95K","-3.46%"
"Jun 08, 2019","7,015.3","7,070.1","7,120.0","6,892.1","2.78K","-0.78%"
"Jun 07, 2019","7,070.1","6,917.7","7,178.0","6,884.0","5.81K","2.24%"
"Jun 06, 2019","6,915.3","6,939.2","7,009.8","6,613.3","5.49K","-0.34%"
"Jun 05, 2019","6,939.2","6,818.4","7,054.3","6,748.7","6.39K","1.66%"
"Jun 04, 2019","6,825.9","7,219.9","7,220.0","6,617.1","10.51K","-5.66%"
"Jun 03, 2019","7,235.8","7,828.0","7,833.4","7,194.4","6.92K","-7.59%"
"Jun 02, 2019","7,829.9","7,665.8","7,911.9","7,660.1","2.30K","2.14%"
"Jun 01, 2019","7,665.8","7,677.8","7,724.1","7,566.7","2.19K","-0.16%"
"May 31, 2019","7,677.8","7,444.8","7,699.0","7,299.4","6.31K","3.11%"
"May 30, 2019","7,446.5","7,781.1","8,140.0","7,221.0","10.94K","-4.30%"
"May 29, 2019","7,781.1","7,808.6","7,869.9","7,565.6","5.47K","-0.37%"
"May 28, 2019","7,809.7","7,844.9","7,882.3","7,642.0","5.26K","-0.45%"
"May 27, 2019","7,844.9","7,804.5","7,990.1","7,739.2","7.26K","0.45%"
"May 26, 2019","7,809.9","7,212.5","7,859.6","7,075.0","8.23K","8.28%"
"May 25, 2019","7,212.5","7,138.3","7,285.1","7,103.6","2.55K","1.03%"
"May 24, 2019","7,139.3","7,045.6","7,300.0","6,975.1","5.53K","1.33%"
"May 23, 2019","7,045.6","6,844.2","7,148.6","6,727.8","6.60K","2.95%"
"May 22, 2019","6,843.6","7,134.7","7,209.9","6,749.0","6.85K","-4.06%"
"May 21, 2019","7,132.9","7,171.2","7,267.3","7,026.0","5.64K","-0.53%"
"May 20, 2019","7,171.2","7,345.2","7,346.0","6,801.1","8.70K","-2.35%"
"May 19, 2019","7,344.0","6,536.2","7,429.9","6,535.0","6.18K","12.36%"
"May 18, 2019","6,536.2","6,598.6","6,738.1","6,499.3","4.13K","-0.98%"
"May 17, 2019","6,600.8","7,050.9","7,099.1","6,077.2","14.65K","-6.38%"
"May 16, 2019","7,050.4","7,312.0","7,456.0","6,877.3","9.17K","-3.58%"
"May 15, 2019","7,312.0","7,125.2","7,389.0","6,993.0","7.12K","2.62%"
"May 14, 2019","7,125.3","6,936.1","7,419.6","6,808.0","13.93K","2.77%"
"May 13, 2019","6,933.0","6,199.6","7,246.9","6,112.5","13.75K","11.82%"
"May 12, 2019","6,200.0","6,323.1","6,743.0","6,002.0","13.25K","-1.98%"
"May 11, 2019","6,325.1","5,651.8","6,555.0","5,645.8","11.19K","11.91%"
"May 10, 2019","5,651.8","5,480.4","5,722.3","5,440.1","7.46K","3.14%"
"May 09, 2019","5,480.0","5,302.1","5,500.0","5,293.8","5.99K","3.35%"
"May 08, 2019","5,302.3","5,137.9","5,338.3","5,075.0","4.41K","3.21%"
"May 07, 2019","5,137.5","5,078.5","5,329.9","5,077.3","6.81K","1.16%"
"May 06, 2019","5,078.5","5,112.3","5,133.2","4,983.2","4.27K","-0.66%"
"May 05, 2019","5,112.3","5,150.4","5,173.4","5,031.9","2.15K","-0.74%"
"May 04, 2019","5,150.4","5,048.1","5,205.0","4,926.0","4.21K","1.94%"
"May 03, 2019","5,052.2","4,822.5","5,183.0","4,804.0","8.87K","4.73%"
"May 02, 2019","4,824.0","4,755.9","4,849.9","4,736.8","3.87K","1.43%"
"May 01, 2019","4,755.9","4,701.6","4,759.9","4,701.6","2.60K","1.15%"
"Apr 30, 2019","4,701.6","4,605.3","4,716.6","4,586.3","4.44K","2.09%"
"Apr 29, 2019","4,605.3","4,628.6","4,654.9","4,558.2","4.00K","-0.50%"
"Apr 28, 2019","4,628.6","4,655.8","4,694.9","4,584.1","1.99K","-0.58%"
"Apr 27, 2019","4,655.8","4,627.2","4,689.8","4,593.7","2.16K","0.62%"
"Apr 26, 2019","4,627.3","4,620.6","4,749.7","4,527.1","7.05K","0.14%"
"Apr 25, 2019","4,620.6","4,886.0","4,959.0","4,500.0","6.71K","-5.43%"
"Apr 24, 2019","4,886.0","4,928.2","5,019.6","4,819.4","6.47K","-0.96%"
"Apr 23, 2019","4,933.6","4,784.6","5,014.5","4,771.5","6.56K","3.11%"
"Apr 22, 2019","4,784.6","4,716.1","4,835.9","4,680.6","2.88K","1.45%"
"Apr 21, 2019","4,716.1","4,735.0","4,752.0","4,653.0","1.50K","-0.40%"
"Apr 20, 2019","4,735.0","4,706.7","4,765.0","4,684.2","1.78K","0.60%"
"Apr 19, 2019","4,706.7","4,699.9","4,764.2","4,630.1","2.69K","0.14%"
"Apr 18, 2019","4,699.9","4,628.1","4,738.9","4,625.6","4.07K","1.55%"
"Apr 17, 2019","4,628.1","4,613.0","4,667.3","4,594.7","3.36K","0.33%"
"Apr 16, 2019","4,613.0","4,461.0","4,640.6","4,450.7","4.96K","3.41%"
"Apr 15, 2019","4,461.0","4,567.0","4,588.7","4,382.8","4.93K","-2.32%"
"Apr 14, 2019","4,567.0","4,500.3","4,587.8","4,452.7","1.87K","1.48%"
"Apr 13, 2019","4,500.3","4,500.0","4,536.8","4,475.2","1.59K","0.01%"
"Apr 12, 2019","4,500.0","4,488.0","4,529.4","4,380.0","4.34K","0.27%"
"Apr 11, 2019","4,488.0","4,728.3","4,746.9","4,417.5","7.23K","-5.08%"
"Apr 10, 2019","4,728.3","4,614.3","4,850.0","4,593.3","6.84K","2.47%"
"Apr 09, 2019","4,614.3","4,692.5","4,702.9","4,581.1","5.09K","-1.67%"
"Apr 08, 2019","4,692.5","4,636.6","4,765.1","4,562.2","6.80K","1.21%"
"Apr 07, 2019","4,636.6","4,500.6","4,698.3","4,488.9","3.27K","3.02%"
"Apr 06, 2019","4,500.6","4,490.5","4,675.0","4,390.0","4.67K","0.22%"
"Apr 05, 2019","4,490.5","4,368.5","4,531.0","4,349.6","5.31K","2.76%"
"Apr 04, 2019","4,369.7","4,423.9","4,508.9","4,244.1","7.81K","-1.25%"
"Apr 03, 2019","4,425.1","4,374.2","4,771.4","4,295.8","13.24K","1.20%"
"Apr 02, 2019","4,372.8","3,697.6","4,565.0","3,692.4","15.62K","18.26%"
"Apr 01, 2019","3,697.5","3,646.2","3,704.7","3,610.3","4.82K","1.41%"
"Mar 31, 2019","3,646.2","3,647.0","3,655.5","3,632.5","1.44K","-0.02%"
"Mar 30, 2019","3,647.0","3,645.1","3,677.7","3,601.1","2.22K","0.05%"
"Mar 29, 2019","3,645.1","3,572.0","3,650.0","3,560.5","4.56K","2.05%"
"Mar 28, 2019","3,572.0","3,576.7","3,582.6","3,548.2","3.21K","-0.13%"
"Mar 27, 2019","3,576.7","3,481.2","3,582.9","3,474.8","4.97K","2.74%"
"Mar 26, 2019","3,481.2","3,458.2","3,484.8","3,442.2","3.58K","0.67%"
"Mar 25, 2019","3,458.2","3,519.9","3,522.8","3,418.7","4.26K","-1.69%"
"Mar 24, 2019","3,517.7","3,527.1","3,527.1","3,492.1","1.47K","-0.27%"
"Mar 23, 2019","3,527.1","3,528.8","3,544.7","3,507.7","1.35K","-0.08%"
"Mar 22, 2019","3,530.1","3,496.0","3,548.2","3,484.6","2.45K","0.97%"
"Mar 21, 2019","3,496.1","3,531.3","3,565.4","3,451.7","3.78K","-1.00%"
"Mar 20, 2019","3,531.3","3,524.6","3,540.2","3,497.1","3.94K","0.18%"
"Mar 19, 2019","3,524.8","3,505.1","3,535.6","3,484.6","3.58K","0.56%"
"Mar 18, 2019","3,505.1","3,501.7","3,543.8","3,466.7","3.78K","0.10%"
"Mar 17, 2019","3,501.7","3,519.7","3,520.0","3,474.0","1.20K","-0.51%"
"Mar 16, 2019","3,519.7","3,443.8","3,557.3","3,441.8","2.91K","2.20%"
"Mar 15, 2019","3,443.8","3,409.0","3,452.5","3,402.6","3.60K","1.02%"
"Mar 14, 2019","3,409.0","3,397.7","3,450.0","3,356.0","4.20K","0.33%"
"Mar 13, 2019","3,397.7","3,425.3","3,430.1","3,390.0","3.98K","-0.81%"
"Mar 12, 2019","3,425.3","3,422.4","3,451.9","3,380.1","3.98K","0.08%"
"Mar 11, 2019","3,422.4","3,472.6","3,480.9","3,401.9","3.62K","-1.44%"
"Mar 10, 2019","3,472.5","3,487.8","3,488.3","3,446.6","1.30K","-0.44%"
"Mar 09, 2019","3,487.8","3,427.5","3,510.0","3,417.9","2.08K","1.76%"
"Mar 08, 2019","3,427.5","3,443.9","3,485.0","3,351.8","3.70K","-0.48%"
"Mar 07, 2019","3,443.9","3,402.8","3,463.5","3,387.0","4.16K","1.21%"
"Mar 06, 2019","3,402.8","3,399.9","3,450.7","3,373.5","3.44K","0.09%"
"Mar 05, 2019","3,399.9","3,269.6","3,427.7","3,261.1","4.74K","4.03%"
"Mar 04, 2019","3,268.2","3,338.4","3,353.7","3,245.2","5.09K","-2.10%"
"Mar 03, 2019","3,338.4","3,361.8","3,367.2","3,317.1","1.37K","-0.63%"
"Mar 02, 2019","3,359.6","3,354.3","3,370.7","3,315.4","1.59K","0.15%"
"Mar 01, 2019","3,354.6","3,340.7","3,381.4","3,336.8","3.31K","0.42%"
"Feb 28, 2019","3,340.7","3,339.5","3,418.0","3,310.3","5.37K","0.04%"
"Feb 27, 2019","3,339.5","3,334.0","3,363.0","3,225.2","5.32K","0.16%"
"Feb 26, 2019","3,334.0","3,363.8","3,372.5","3,321.1","3.92K","-0.89%"
"Feb 25, 2019","3,363.8","3,298.1","3,405.5","3,295.8","5.00K","1.96%"
"Feb 24, 2019","3,299.1","3,629.1","3,690.0","3,290.0","8.83K","-9.09%"
"Feb 23, 2019","3,629.1","3,479.1","3,665.0","3,454.0","5.08K","4.30%"
"Feb 22, 2019","3,479.4","3,437.9","3,488.0","3,430.0","4.53K","1.21%"
"Feb 21, 2019","3,437.9","3,478.5","3,516.3","3,415.6","3.92K","-1.17%"
"Feb 20, 2019","3,478.5","3,436.0","3,492.9","3,415.6","3.96K","1.23%"
"Feb 19, 2019","3,436.2","3,419.8","3,524.9","3,395.9","7.20K","0.48%"
"Feb 18, 2019","3,419.7","3,213.4","3,461.6","3,209.9","8.77K","6.42%"
"Feb 17, 2019","3,213.4","3,177.5","3,246.0","3,159.0","2.35K","1.13%"
"Feb 16, 2019","3,177.5","3,167.3","3,199.7","3,163.7","1.86K","0.32%"
"Feb 15, 2019","3,167.3","3,155.0","3,209.6","3,152.8","4.08K","0.39%"
"Feb 14, 2019","3,155.0","3,179.2","3,187.2","3,150.0","3.40K","-0.76%"
"Feb 13, 2019","3,179.2","3,172.2","3,198.0","3,162.0","3.58K","0.22%"
"Feb 12, 2019","3,172.2","3,186.9","3,198.7","3,152.1","4.06K","-0.46%"
"Feb 11, 2019","3,186.9","3,225.4","3,227.9","3,166.6","3.85K","-1.19%"
"Feb 10, 2019","3,225.4","3,202.6","3,229.0","3,162.3","1.68K","0.71%"
"Feb 09, 2019","3,202.6","3,194.8","3,215.0","3,176.6","2.06K","0.25%"
"Feb 08, 2019","3,194.7","2,962.5","3,269.7","2,950.5","8.26K","7.84%"
"Feb 07, 2019","2,962.5","2,966.0","2,990.0","2,954.0","2.94K","-0.12%"
"Feb 06, 2019","2,966.0","3,008.5","3,021.0","2,930.6","4.93K","-1.41%"
"Feb 05, 2019","3,008.5","2,989.5","3,010.0","2,976.2","3.64K","0.64%"
"Feb 04, 2019","2,989.5","2,983.4","3,000.0","2,963.1","3.59K","0.20%"
"Feb 03, 2019","2,983.5","3,030.6","3,032.3","2,959.4","1.64K","-1.49%"
"Feb 02, 2019","3,028.6","3,001.1","3,044.2","2,982.5","2.14K","0.92%"
"Feb 01, 2019","3,001.1","2,979.1","3,014.1","2,951.5","4.07K","0.75%"
"Jan 31, 2019","2,978.7","2,999.9","3,025.0","2,965.3","3.88K","-0.71%"
"Jan 30, 2019","2,999.9","2,973.4","3,030.3","2,957.4","4.37K","0.89%"
"Jan 29, 2019","2,973.4","3,003.3","3,011.5","2,927.2","4.61K","-1.00%"
"Jan 28, 2019","3,003.3","3,096.6","3,099.7","2,957.3","6.47K","-3.01%"
"Jan 27, 2019","3,096.6","3,126.0","3,130.9","3,051.0","2.22K","-0.94%"
"Jan 26, 2019","3,126.0","3,126.5","3,206.9","3,112.6","2.43K","-0.01%"
"Jan 25, 2019","3,126.4","3,158.7","3,161.1","3,102.3","4.29K","-1.02%"
"Jan 24, 2019","3,158.7","3,126.6","3,181.4","3,104.8","3.53K","1.03%"
"Jan 23, 2019","3,126.6","3,149.4","3,188.1","3,102.6","5.18K","-0.72%"
"Jan 22, 2019","3,149.4","3,112.7","3,175.0","3,032.2","6.45K","1.18%"
"Jan 21, 2019","3,112.7","3,113.8","3,148.7","3,077.4","4.53K","0.07%"
"Jan 20, 2019","3,110.4","3,245.3","3,262.3","3,062.0","4.03K","-4.16%"
"Jan 19, 2019","3,245.3","3,179.9","3,311.6","3,177.1","3.59K","2.06%"
"Jan 18, 2019","3,179.9","3,196.5","3,200.0","3,156.9","4.25K","-0.52%"
"Jan 17, 2019","3,196.5","3,167.8","3,213.3","3,123.7","6.44K","1.00%"
"Jan 16, 2019","3,164.7","3,149.2","3,228.9","3,140.2","5.52K","0.49%"
"Jan 15, 2019","3,149.2","3,197.6","3,214.3","3,119.8","5.36K","-1.51%"
"Jan 14, 2019","3,197.6","3,075.0","3,238.8","3,068.1","7.29K","4.02%"
"Jan 13, 2019","3,074.0","3,168.1","3,188.0","3,052.2","3.52K","-2.97%"
"Jan 12, 2019","3,168.1","3,175.0","3,193.2","3,130.0","2.36K","-0.21%"
"Jan 11, 2019","3,174.8","3,162.7","3,232.2","3,051.0","6.77K","0.38%"
"Jan 10, 2019","3,162.7","3,465.2","3,496.1","3,116.4","10.97K","-8.73%"
"Jan 09, 2019","3,465.2","3,495.6","3,538.8","3,460.4","4.90K","-0.87%"
"Jan 08, 2019","3,495.6","3,498.0","3,591.0","3,452.2","7.37K","-0.07%"
"Jan 07, 2019","3,498.0","3,543.7","3,565.0","3,470.1","5.42K","-1.29%"
"Jan 06, 2019","3,543.7","3,342.7","3,589.0","3,312.7","6.36K","6.01%"
"Jan 05, 2019","3,342.7","3,363.2","3,403.8","3,329.6","3.58K","-0.66%"
"Jan 04, 2019","3,365.0","3,331.6","3,384.0","3,291.9","4.99K","1.00%"
"Jan 03, 2019","3,331.6","3,443.8","3,446.1","3,311.4","5.77K","-3.26%"
"Jan 02, 2019","3,443.8","3,345.0","3,458.0","3,294.1","6.05K","2.95%"
"Jan 01, 2019","3,345.0","3,235.9","3,350.9","3,198.0","4.24K","3.39%"
"Dec 31, 2018","3,235.4","3,365.4","3,372.0","3,201.6","6.18K","-3.86%"
"Dec 30, 2018","3,365.4","3,278.3","3,392.0","3,241.6","4.04K","2.85%"
"Dec 29, 2018","3,272.2","3,416.0","3,457.9","3,260.8","4.48K","-4.21%"
"Dec 28, 2018","3,416.0","3,152.7","3,464.2","3,133.3","7.89K","8.35%"
"Dec 27, 2018","3,152.7","3,358.0","3,382.8","3,128.5","7.20K","-6.11%"
"Dec 26, 2018","3,358.0","3,327.9","3,395.5","3,247.0","3.88K","0.90%"
"Dec 25, 2018","3,327.9","3,545.6","3,553.3","3,235.0","8.53K","-6.14%"
"Dec 24, 2018","3,545.5","3,478.5","3,725.0","3,478.5","11.03K","1.93%"
"Dec 23, 2018","3,478.2","3,508.4","3,583.9","3,453.5","5.56K","-0.83%"
"Dec 22, 2018","3,507.2","3,387.0","3,532.5","3,345.0","5.93K","3.55%"
"Dec 21, 2018","3,387.0","3,559.7","3,630.4","3,320.0","12.83K","-4.85%"
"Dec 20, 2018","3,559.7","3,237.2","3,654.2","3,218.6","15.00K","9.96%"
"Dec 19, 2018","3,237.2","3,231.6","3,454.8","3,209.0","14.70K","0.17%"
"Dec 18, 2018","3,231.6","3,090.4","3,244.0","3,029.4","8.48K","4.57%"
"Dec 17, 2018","3,090.5","2,831.8","3,169.8","2,821.0","11.18K","9.14%"
"Dec 16, 2018","2,831.8","2,820.5","2,889.0","2,817.4","3.41K","0.33%"
"Dec 15, 2018","2,822.6","2,829.4","2,860.4","2,775.0","4.53K","-0.24%"
"Dec 14, 2018","2,829.4","2,877.5","2,909.3","2,780.0","9.36K","-1.67%"
"Dec 13, 2018","2,877.5","3,023.3","3,025.9","2,837.7","7.64K","-4.82%"
"Dec 12, 2018","3,023.3","2,955.7","3,067.8","2,946.6","6.84K","2.12%"
"Dec 11, 2018","2,960.6","3,007.0","3,027.3","2,918.7","6.39K","-1.54%"
"Dec 10, 2018","3,007.0","3,099.9","3,154.4","2,965.9","6.71K","-3.00%"
"Dec 09, 2018","3,100.0","2,989.9","3,200.0","2,970.1","5.75K","3.68%"
"Dec 08, 2018","2,989.9","2,978.7","3,069.0","2,861.9","7.49K","0.37%"
"Dec 07, 2018","2,979.0","3,031.4","3,110.2","2,824.9","18.49K","-1.68%"
"Dec 06, 2018","3,029.9","3,259.3","3,390.2","3,023.1","13.73K","-7.04%"
"Dec 05, 2018","3,259.3","3,448.4","3,457.6","3,250.8","7.56K","-5.48%"
"Dec 04, 2018","3,448.4","3,379.3","3,559.7","3,296.0","6.83K","1.91%"
"Dec 03, 2018","3,383.7","3,622.0","3,634.9","3,312.0","9.31K","-6.57%"
"Dec 02, 2018","3,621.6","3,665.2","3,769.9","3,568.7","5.83K","-1.20%"
"Dec 01, 2018","3,665.5","3,514.9","3,768.5","3,460.0","6.03K","4.28%"
"Nov 30, 2018","3,515.2","3,729.9","3,778.2","3,400.9","10.75K","-5.75%"
"Nov 29, 2018","3,729.7","3,722.9","3,895.0","3,599.0","13.10K","0.18%"
"Nov 28, 2018","3,722.9","3,348.1","3,876.9","3,348.1","17.50K","11.19%"
"Nov 27, 2018","3,348.3","3,291.4","3,395.0","3,161.0","10.91K","1.73%"
"Nov 26, 2018","3,291.4","3,475.1","3,584.1","3,114.6","16.33K","-5.42%"
"Nov 25, 2018","3,479.9","3,336.4","3,623.7","3,050.5","18.19K","4.30%"
"Nov 24, 2018","3,336.4","3,777.0","3,850.0","3,223.3","10.39K","-11.63%"
"Nov 23, 2018","3,775.5","3,736.5","3,836.7","3,594.0","10.23K","1.04%"
"Nov 22, 2018","3,736.5","3,984.3","4,029.9","3,719.8","8.27K","-6.28%"
"Nov 21, 2018","3,986.8","3,831.8","4,053.0","3,705.1","10.89K","3.91%"
"Nov 20, 2018","3,836.8","4,051.8","4,219.0","3,513.8","24.66K","-5.31%"
"Nov 19, 2018","4,051.8","4,867.1","4,868.7","4,000.1","15.98K","-16.75%"
"Nov 18, 2018","4,867.1","4,819.8","4,983.0","4,815.9","2.63K","0.98%"
"Nov 17, 2018","4,819.8","4,821.3","4,847.7","4,772.5","2.07K","0.02%"
"Nov 16, 2018","4,818.9","4,915.6","4,944.6","4,740.9","5.54K","-1.89%"
"Nov 15, 2018","4,911.6","4,981.5","5,007.7","4,617.8","10.39K","-1.41%"
"Nov 14, 2018","4,981.7","5,550.9","5,579.9","4,759.1","13.27K","-10.25%"
"Nov 13, 2018","5,550.9","5,637.0","5,637.0","5,547.2","2.78K","-1.53%"
"Nov 12, 2018","5,637.1","5,612.9","5,658.9","5,612.9","1.86K","0.43%"
"Nov 11, 2018","5,612.9","5,596.8","5,613.0","5,542.2","1.06K","0.29%"
"Nov 10, 2018","5,596.8","5,589.8","5,627.8","5,587.3","0.97K","0.13%"
"Nov 09, 2018","5,589.8","5,634.6","5,653.9","5,562.4","2.86K","-0.71%"
"Nov 08, 2018","5,630.0","5,689.3","5,697.0","5,609.1","2.41K","-1.04%"
"Nov 07, 2018","5,689.3","5,642.9","5,725.0","5,642.9","3.04K","0.82%"
"Nov 06, 2018","5,642.9","5,601.0","5,650.0","5,595.8","3.00K","0.75%"
"Nov 05, 2018","5,601.0","5,624.8","5,639.9","5,585.0","2.10K","-0.42%"
"Nov 04, 2018","5,624.8","5,555.8","5,655.3","5,534.0","1.98K","1.24%"
"Nov 03, 2018","5,555.7","5,571.9","5,579.1","5,539.5","1.19K","-0.29%"
"Nov 02, 2018","5,571.9","5,557.1","5,590.6","5,538.4","2.38K","0.27%"
"Nov 01, 2018","5,557.0","5,579.0","5,579.8","5,528.0","2.05K","-0.39%"
"Oct 31, 2018","5,579.0","5,533.4","5,609.6","5,483.1","2.21K","0.82%"
"Oct 30, 2018","5,533.4","5,502.6","5,549.9","5,498.2","1.77K","0.56%"
"Oct 29, 2018","5,502.6","5,631.2","5,639.7","5,454.2","3.85K","-2.28%"
"Oct 28, 2018","5,631.2","5,626.7","5,638.0","5,605.0","0.81K","0.08%"
"Oct 27, 2018","5,626.7","5,616.4","5,635.8","5,602.4","0.82K","0.18%"
"Oct 26, 2018","5,616.4","5,624.2","5,672.4","5,609.4","2.02K","-0.14%"
"Oct 25, 2018","5,624.2","5,628.1","5,640.1","5,581.0","2.11K","-0.08%"
"Oct 24, 2018","5,628.5","5,576.6","5,658.0","5,575.1","2.53K","0.90%"
"Oct 23, 2018","5,578.3","5,592.3","5,599.9","5,560.1","2.57K","-0.25%"
"Oct 22, 2018","5,592.4","5,573.8","5,612.4","5,555.1","2.05K","0.33%"
"Oct 21, 2018","5,573.8","5,576.7","5,620.0","5,566.3","1.10K","-0.14%"
"Oct 20, 2018","5,581.8","5,561.0","5,597.6","5,541.9","0.86K","0.37%"
"Oct 19, 2018","5,561.0","5,581.6","5,593.4","5,547.0","2.47K","-0.37%"
"Oct 18, 2018","5,581.6","5,607.1","5,639.9","5,549.3","2.27K","-0.45%"
"Oct 17, 2018","5,607.1","5,593.8","5,625.4","5,553.9","3.09K","0.24%"
"Oct 16, 2018","5,593.8","5,555.8","5,630.0","5,529.5","3.29K","0.68%"
"Oct 15, 2018","5,555.8","5,357.3","5,845.0","5,330.0","12.61K","3.71%"
"Oct 14, 2018","5,357.3","5,387.0","5,454.5","5,327.4","1.95K","-0.55%"
"Oct 13, 2018","5,387.0","5,376.8","5,404.4","5,357.1","1.36K","0.19%"
"Oct 12, 2018","5,376.8","5,314.7","5,405.8","5,277.8","2.83K","1.16%"
"Oct 11, 2018","5,314.9","5,668.8","5,668.8","5,281.9","8.38K","-6.24%"
"Oct 10, 2018","5,668.8","5,745.0","5,745.0","5,608.0","3.58K","-1.33%"
"Oct 09, 2018","5,745.0","5,757.0","5,779.1","5,730.0","2.09K","-0.21%"
"Oct 08, 2018","5,757.0","5,690.9","5,807.5","5,685.2","3.25K","1.16%"
"Oct 07, 2018","5,690.9","5,691.9","5,712.5","5,626.4","1.74K","-0.02%"
"Oct 06, 2018","5,691.9","5,725.0","5,732.0","5,670.4","1.17K","-0.58%"
"Oct 05, 2018","5,725.0","5,690.9","5,770.9","5,659.4","2.32K","0.60%"
"Oct 04, 2018","5,690.9","5,621.3","5,735.8","5,615.9","2.83K","1.24%"
"Oct 03, 2018","5,621.3","5,628.8","5,644.6","5,530.3","5.33K","-0.20%"
"Oct 02, 2018","5,632.5","5,677.9","5,700.0","5,600.1","2.51K","-0.80%"
"Oct 01, 2018","5,677.9","5,687.0","5,719.0","5,597.3","2.65K","-0.16%"
"Sep 30, 2018","5,687.0","5,668.1","5,716.8","5,612.9","0.74K","0.33%"
"Sep 29, 2018","5,668.1","5,708.9","5,708.9","5,565.6","1.11K","-0.67%"
"Sep 28, 2018","5,706.4","5,745.6","5,848.7","5,629.1","2.10K","-0.56%"
"Sep 27, 2018","5,738.7","5,496.3","5,760.5","5,496.3","3.50K","4.40%"
"Sep 26, 2018","5,496.8","5,472.2","5,572.0","5,425.1","3.18K","0.51%"
"Sep 25, 2018","5,469.0","5,599.7","5,600.2","5,385.0","3.69K","-2.33%"
"Sep 24, 2018","5,599.7","5,691.7","5,708.4","5,574.8","3.94K","-1.67%"
"Sep 23, 2018","5,694.9","5,707.1","5,749.9","5,656.5","1.57K","-0.21%"
"Sep 22, 2018","5,707.1","5,734.4","5,794.8","5,626.8","2.88K","-0.48%"
"Sep 21, 2018","5,734.4","5,514.0","5,766.7","5,512.1","6.77K","4.00%"
"Sep 20, 2018","5,514.0","5,478.2","5,554.7","5,391.0","3.55K","0.75%"
"Sep 19, 2018","5,472.8","5,420.2","5,592.2","5,240.0","4.98K","0.97%"
"Sep 18, 2018","5,420.2","5,359.6","5,452.6","5,329.8","3.53K","1.13%"
"Sep 17, 2018","5,359.6","5,586.9","5,610.0","5,306.0","4.83K","-4.07%"
"Sep 16, 2018","5,586.9","5,605.0","5,605.8","5,490.1","1.31K","-0.32%"
"Sep 15, 2018","5,605.0","5,572.8","5,648.9","5,561.5","1.22K","0.54%"
"Sep 14, 2018","5,575.0","5,556.6","5,629.7","5,463.2","3.87K","0.47%"
"Sep 13, 2018","5,549.0","5,442.1","5,647.0","5,439.3","6.16K","1.97%"
"Sep 12, 2018","5,442.0","5,413.6","5,470.2","5,347.8","3.62K","0.52%"
"Sep 11, 2018","5,413.6","5,439.9","5,522.2","5,325.0","4.11K","-0.48%"
"Sep 10, 2018","5,439.8","5,398.9","5,506.7","5,383.9","3.77K","0.76%"
"Sep 09, 2018","5,398.9","5,363.4","5,580.7","5,330.1","2.75K","0.55%"
"Sep 08, 2018","5,369.2","5,530.6","5,594.6","5,306.2","3.72K","-2.92%"
"Sep 07, 2018","5,530.6","5,599.0","5,620.0","5,430.4","4.88K","-1.22%"
"Sep 06, 2018","5,599.0","5,752.9","5,762.7","5,390.0","10.11K","-2.68%"
"Sep 05, 2018","5,752.9","6,341.6","6,380.7","5,731.0","7.36K","-9.28%"
"Sep 04, 2018","6,341.6","6,243.2","6,389.9","6,228.9","3.19K","1.58%"
"Sep 03, 2018","6,243.2","6,280.9","6,300.0","6,188.6","2.71K","-0.60%"
"Sep 02, 2018","6,280.9","6,178.4","6,321.7","6,130.0","2.86K","1.66%"
"Sep 01, 2018","6,178.4","6,031.2","6,239.0","6,030.2","3.14K","2.44%"
"Aug 31, 2018","6,031.2","5,980.7","6,096.0","5,913.9","3.15K","0.84%"
"Aug 30, 2018","5,980.7","5,999.9","6,023.0","5,819.0","4.26K","-0.30%"
"Aug 29, 2018","5,998.5","6,052.0","6,108.0","5,915.9","3.94K","-0.88%"
"Aug 28, 2018","6,052.0","5,899.0","6,096.0","5,874.8","5.05K","2.49%"
"Aug 27, 2018","5,905.2","5,764.9","5,921.0","5,720.0","3.34K","2.43%"
"Aug 26, 2018","5,764.9","5,789.9","5,824.9","5,659.0","1.87K","-0.43%"
"Aug 25, 2018","5,789.9","5,758.9","5,840.0","5,722.0","2.34K","0.52%"
"Aug 24, 2018","5,760.1","5,652.2","5,784.6","5,565.4","3.17K","1.95%"
"Aug 23, 2018","5,649.9","5,481.2","5,684.5","5,472.4","4.48K","3.11%"
"Aug 22, 2018","5,479.4","5,593.1","5,936.0","5,382.1","7.86K","-2.03%"
"Aug 21, 2018","5,593.1","5,456.6","5,625.0","5,442.3","4.71K","2.50%"
"Aug 20, 2018","5,456.6","5,670.0","5,701.8","5,431.4","4.69K","-3.76%"
"Aug 19, 2018","5,670.0","5,604.3","5,751.7","5,548.3","2.70K","1.17%"
"Aug 18, 2018","5,604.3","5,760.7","5,783.0","5,505.0","3.63K","-2.72%"
"Aug 17, 2018","5,760.8","5,566.0","5,762.4","5,551.2","3.70K","3.50%"
"Aug 16, 2018","5,566.0","5,537.3","5,700.0","5,478.2","4.63K","0.51%"
"Aug 15, 2018","5,537.6","5,461.2","5,852.3","5,455.0","8.28K","1.40%"
"Aug 14, 2018","5,461.2","5,498.0","5,498.8","5,167.0","8.54K","-0.67%"
"Aug 13, 2018","5,498.0","5,544.4","5,760.0","5,402.0","5.98K","-0.84%"
"Aug 12, 2018","5,544.4","5,471.3","5,700.0","5,410.0","4.03K","1.46%"
"Aug 11, 2018","5,464.4","5,395.5","5,688.5","5,273.3","4.40K","1.56%"
"Aug 10, 2018","5,380.3","5,673.8","5,719.4","5,274.1","5.21K","-5.17%"
"Aug 09, 2018","5,673.8","5,412.7","5,750.0","5,356.9","6.33K","4.82%"
"Aug 08, 2018","5,412.7","5,793.6","5,793.6","5,283.0","8.36K","-6.55%"
"Aug 07, 2018","5,792.0","6,003.6","6,159.9","5,758.4","5.95K","-3.52%"
"Aug 06, 2018","6,003.6","6,071.5","6,177.5","5,923.1","3.04K","-1.12%"
"Aug 05, 2018","6,071.5","6,048.5","6,119.6","5,944.4","3.05K","0.38%"
"Aug 04, 2018","6,048.5","6,400.0","6,467.5","5,982.3","4.92K","-5.49%"
"Aug 03, 2018","6,400.0","6,499.1","6,506.2","6,279.6","5.13K","-1.52%"
"Aug 02, 2018","6,499.1","6,499.7","6,600.0","6,400.0","3.16K","-0.00%"
"Aug 01, 2018","6,499.4","6,600.6","6,630.0","6,360.0","6.14K","-1.53%"
"Jul 31, 2018","6,600.6","6,966.6","6,966.6","6,530.0","7.23K","-5.25%"
"Jul 30, 2018","6,966.6","7,041.8","7,088.2","6,703.4","5.54K","-1.07%"
"Jul 29, 2018","7,041.8","7,055.1","7,102.1","6,966.0","1.55K","-0.20%"
"Jul 28, 2018","7,056.2","7,008.7","7,058.8","6,923.9","1.73K","0.68%"
"Jul 27, 2018","7,008.7","6,800.4","7,091.1","6,700.0","5.75K","3.06%"
"Jul 26, 2018","6,800.4","6,954.6","7,121.8","6,733.4","5.91K","-2.22%"
"Jul 25, 2018","6,954.6","7,179.9","7,242.6","6,888.2","5.77K","-3.07%"
"Jul 24, 2018","7,174.8","6,600.5","7,248.0","6,588.0","10.96K","8.70%"
"Jul 23, 2018","6,600.5","6,293.7","6,686.9","6,271.4","6.64K","4.87%"
"Jul 22, 2018","6,293.7","6,297.0","6,442.3","6,240.9","3.07K","-0.05%"
"Jul 21, 2018","6,297.0","6,241.4","6,339.0","6,150.0","2.79K","0.89%"
"Jul 20, 2018","6,241.4","6,409.5","6,581.0","6,205.0","5.82K","-2.62%"
"Jul 19, 2018","6,409.5","6,326.7","6,475.0","6,247.7","3.97K","1.32%"
"Jul 18, 2018","6,326.0","6,261.5","6,499.0","6,226.0","6.53K","1.03%"
"Jul 17, 2018","6,261.5","5,739.0","6,375.4","5,679.5","7.32K","9.09%"
"Jul 16, 2018","5,739.5","5,438.0","5,754.9","5,421.9","6.25K","5.54%"
"Jul 15, 2018","5,438.0","5,353.6","5,479.1","5,333.2","2.99K","1.58%"
"Jul 14, 2018","5,353.6","5,322.1","5,400.5","5,295.7","1.45K","0.59%"
"Jul 13, 2018","5,322.1","5,358.2","5,427.0","5,255.0","4.14K","-0.67%"
"Jul 12, 2018","5,358.2","5,459.8","5,459.9","5,217.5","-","-1.86%"
"Jul 11, 2018","5,459.8","5,372.6","5,460.0","5,359.7","4.16K","1.62%"
"Jul 10, 2018","5,372.6","5,660.6","5,686.5","5,354.6","5.54K","-5.09%"
"Jul 09, 2018","5,660.6","5,702.3","5,779.0","5,633.7","2.80K","-0.79%"
"Jul 08, 2018","5,705.6","5,746.7","5,771.7","5,682.1","2.12K","-0.70%"
"Jul 07, 2018","5,746.0","5,619.3","5,793.4","5,551.9","2.03K","2.25%"
"Jul 06, 2018","5,619.3","5,580.7","5,653.2","5,510.0","2.52K","0.69%"
"Jul 05, 2018","5,580.7","5,649.0","5,745.0","5,532.4","4.06K","-1.21%"
"Jul 04, 2018","5,649.0","5,576.4","5,819.6","5,503.0","3.82K","1.30%"
"Jul 03, 2018","5,576.4","5,686.1","5,726.5","5,530.5","-","-1.93%"
"Jul 02, 2018","5,686.1","5,433.8","5,745.6","5,382.5","0.00K","4.64%"
"Jul 01, 2018","5,433.8","5,457.7","5,496.7","5,355.9","-","-0.48%"
"Jun 30, 2018","5,460.1","5,304.1","5,557.1","5,299.8","3.77K","2.94%"
"Jun 29, 2018","5,304.1","5,058.5","5,388.0","4,976.2","5.31K","4.77%"
"Jun 28, 2018","5,062.8","5,304.8","5,321.0","5,037.1","3.84K","-4.56%"
"Jun 27, 2018","5,304.8","5,212.3","5,335.1","5,161.5","0.00K","1.78%"
"Jun 26, 2018","5,212.2","5,340.0","5,358.0","5,197.3","-","-2.39%"
"Jun 25, 2018","5,340.0","5,274.5","5,422.8","5,210.3","-","1.25%"
"Jun 24, 2018","5,274.1","5,290.8","5,374.4","4,953.5","8.89K","-0.32%"
"Jun 23, 2018","5,290.8","5,208.3","5,367.0","5,145.2","3.38K","1.59%"
"Jun 22, 2018","5,208.2","5,797.6","5,797.6","5,105.0","14.15K","-10.17%"
"Jun 21, 2018","5,797.6","5,837.4","5,875.0","5,767.8","3.13K","-0.68%"
"Jun 20, 2018","5,837.4","5,830.0","5,880.4","5,670.8","4.65K","0.13%"
"Jun 19, 2018","5,830.0","5,765.1","5,922.9","5,735.0","5.24K","1.13%"
"Jun 18, 2018","5,765.1","5,552.7","5,855.3","5,509.2","5.17K","3.83%"
"Jun 17, 2018","5,552.7","5,586.8","5,658.5","5,537.0","1.80K","-0.61%"
"Jun 16, 2018","5,586.8","5,517.0","5,639.7","5,457.0","2.87K","1.29%"
"Jun 15, 2018","5,515.6","5,746.6","5,759.2","5,500.0","6.01K","-4.02%"
"Jun 14, 2018","5,746.6","5,339.9","5,790.0","5,321.6","-","7.63%"
"Jun 13, 2018","5,339.3","5,585.0","5,637.3","5,250.0","10.06K","-4.40%"
"Jun 12, 2018","5,585.0","5,855.3","5,855.3","5,500.0","6.35K","-4.62%"
"Jun 11, 2018","5,855.3","5,758.5","5,880.0","5,640.0","6.90K","1.68%"
"Jun 10, 2018","5,758.5","6,376.9","6,377.0","5,671.1","-","-9.70%"
"Jun 09, 2018","6,376.9","6,474.0","6,525.0","6,359.0","1.77K","-1.52%"
"Jun 08, 2018","6,475.0","6,512.7","6,522.6","6,415.6","2.27K","-0.58%"
"Jun 07, 2018","6,512.7","6,499.4","6,578.1","6,465.5","3.03K","0.21%"
"Jun 06, 2018","6,499.3","6,506.7","6,542.9","6,367.7","4.30K","-0.09%"
"Jun 05, 2018","6,505.3","6,406.3","6,537.7","6,311.1","0.00K","1.51%"
"Jun 04, 2018","6,408.4","6,605.4","6,637.6","6,359.9","4.16K","-2.99%"
"Jun 03, 2018","6,605.8","6,539.1","6,650.0","6,487.9","-","1.02%"
"Jun 02, 2018","6,539.1","6,436.0","6,592.0","6,380.8","3.09K","1.61%"
"Jun 01, 2018","6,435.8","6,399.9","6,498.0","6,300.1","3.47K","0.56%"
"May 31, 2018","6,399.9","6,334.0","6,502.3","6,302.5","4.03K","1.02%"
"May 30, 2018","6,335.3","6,464.4","6,549.9","6,250.0","4.60K","-1.93%"
"May 29, 2018","6,460.0","6,105.4","6,529.7","6,066.7","8.11K","5.81%"
"May 28, 2018","6,105.4","6,268.0","6,340.0","6,069.7","4.96K","-2.59%"
"May 27, 2018","6,268.0","6,289.7","6,343.0","6,201.0","2.62K","-0.35%"
"May 26, 2018","6,289.7","6,414.0","6,546.8","6,258.6","3.02K","-1.94%"
"May 25, 2018","6,414.0","6,472.6","6,540.6","6,266.7","5.30K","-0.91%"
"May 24, 2018","6,472.6","6,413.3","6,605.9","6,186.1","7.30K","0.92%"
"May 23, 2018","6,413.3","6,785.0","6,819.1","6,377.3","8.86K","-5.48%"
"May 22, 2018","6,785.0","7,124.5","7,128.9","6,755.6","5.39K","-4.79%"
"May 21, 2018","7,126.2","7,235.4","7,299.0","7,060.1","3.82K","-1.51%"
"May 20, 2018","7,235.4","6,988.6","7,290.9","6,945.0","2.87K","3.47%"
"May 19, 2018","6,992.5","6,999.0","7,134.4","6,940.2","2.58K","-0.09%"
"May 18, 2018","6,999.0","6,844.1","7,033.2","6,722.9","-","2.26%"
"May 17, 2018","6,844.1","7,060.3","7,163.3","6,770.5","5.34K","-3.13%"
"May 16, 2018","7,065.0","7,167.3","7,183.3","6,870.5","6.64K","-1.43%"
"May 15, 2018","7,167.3","7,264.0","7,417.5","7,114.4","4.95K","-1.33%"
"May 14, 2018","7,264.0","7,271.1","7,433.0","6,919.8","7.18K","-0.11%"
"May 13, 2018","7,272.0","7,095.0","7,342.1","6,975.2","4.47K","2.52%"
"May 12, 2018","7,093.0","7,035.0","7,239.6","6,881.9","6.27K","0.87%"
"May 11, 2018","7,031.6","7,570.0","7,570.0","6,977.0","8.80K","-7.11%"
"May 10, 2018","7,570.0","7,846.8","7,911.2","7,553.6","4.23K","-3.53%"
"May 09, 2018","7,846.8","7,730.5","7,897.9","7,575.0","4.31K","1.50%"
"May 08, 2018","7,730.8","7,849.5","7,926.8","7,622.5","4.90K","-1.51%"
"May 07, 2018","7,849.5","8,016.9","8,026.2","7,702.2","-","-2.07%"
"May 06, 2018","8,015.2","8,183.4","8,252.2","7,850.0","-","-2.06%"
"May 05, 2018","8,183.4","8,074.8","8,311.4","8,050.0","5.23K","1.41%"
"May 04, 2018","8,070.0","8,092.9","8,160.0","7,910.0","4.36K","-0.34%"
"May 03, 2018","8,097.8","7,695.6","8,163.9","7,625.3","-","5.23%"
"May 02, 2018","7,695.6","7,545.3","7,730.8","7,477.0","4.78K","2.05%"
"May 01, 2018","7,541.1","7,640.9","7,643.4","7,331.0","-","-1.30%"
"Apr 30, 2018","7,640.8","7,749.0","7,779.0","7,520.6","0.00K","-1.40%"
"Apr 29, 2018","7,749.0","7,690.7","7,842.1","7,576.0","4.42K","0.76%"
"Apr 28, 2018","7,690.7","7,355.3","7,782.2","7,314.1","5.95K","4.49%"
"Apr 27, 2018","7,360.5","7,636.2","7,773.4","7,342.0","0.01K","-3.79%"
"Apr 26, 2018","7,650.3","7,284.5","7,662.3","7,099.1","0.00K","5.22%"
"Apr 25, 2018","7,271.0","7,883.3","7,979.0","7,146.3","-","-7.85%"
"Apr 24, 2018","7,890.5","7,316.8","7,950.0","7,310.7","-","7.84%"
"Apr 23, 2018","7,316.7","7,170.9","7,355.0","7,152.7","4.70K","2.03%"
"Apr 22, 2018","7,170.9","7,268.4","7,384.9","7,122.9","5.60K","-1.34%"
"Apr 21, 2018","7,268.4","7,226.0","7,381.9","7,017.0","5.99K","0.58%"
"Apr 20, 2018","7,226.8","6,714.0","7,267.9","6,676.0","9.58K","7.48%"
"Apr 19, 2018","6,724.0","6,597.5","6,737.4","6,535.1","5.90K","1.92%"
"Apr 18, 2018","6,597.5","6,383.2","6,659.8","6,370.6","5.44K","3.24%"
"Apr 17, 2018","6,390.5","6,501.4","6,600.1","6,326.4","6.17K","-1.74%"
"Apr 16, 2018","6,503.7","6,778.9","6,823.0","6,375.8","7.00K","-4.08%"
"Apr 15, 2018","6,780.0","6,502.8","6,833.0","6,502.7","5.51K","4.27%"
"Apr 14, 2018","6,502.5","6,394.6","6,621.7","6,351.0","4.97K","1.79%"
"Apr 13, 2018","6,388.0","6,423.0","6,686.0","6,287.1","12.05K","-0.54%"
"Apr 12, 2018","6,423.0","5,603.8","6,499.9","5,478.8","-","14.62%"
"Apr 11, 2018","5,603.8","5,526.9","5,637.5","5,505.1","4.26K","1.39%"
"Apr 10, 2018","5,526.8","5,500.0","5,569.9","5,405.3","4.79K","0.49%"
"Apr 09, 2018","5,500.0","5,714.6","5,850.8","5,375.0","8.94K","-3.76%"
"Apr 08, 2018","5,714.6","5,608.2","5,784.3","5,592.0","3.61K","1.90%"
"Apr 07, 2018","5,608.2","5,394.1","5,729.5","5,381.4","5.81K","4.01%"
"Apr 06, 2018","5,391.9","5,520.7","5,600.6","5,310.0","7.50K","-2.33%"
"Apr 05, 2018","5,520.7","5,528.2","5,665.1","5,358.3","10.10K","-0.14%"
"Apr 04, 2018","5,528.2","6,049.0","6,055.4","5,451.7","11.36K","-8.61%"
"Apr 03, 2018","6,049.0","5,732.0","6,150.3","5,710.0","9.52K","5.50%"
"Apr 02, 2018","5,733.7","5,523.9","5,774.2","5,486.1","-","3.80%"
"Apr 01, 2018","5,523.9","5,615.0","5,702.9","5,250.0","11.08K","-1.62%"
"Mar 31, 2018","5,615.0","5,526.0","5,841.9","5,517.9","8.52K","1.57%"
"Mar 30, 2018","5,528.0","5,737.0","5,908.2","5,315.6","19.31K","-3.71%"
"Mar 29, 2018","5,741.0","6,440.7","6,467.5","5,611.0","16.93K","-10.86%"
"Mar 28, 2018","6,440.7","6,305.1","6,562.1","6,247.6","6.22K","2.14%"
"Mar 27, 2018","6,305.5","6,551.9","6,618.5","6,242.6","8.93K","-3.72%"
"Mar 26, 2018","6,548.9","6,865.6","6,898.9","6,325.3","9.67K","-4.65%"
"Mar 25, 2018","6,868.1","6,924.6","7,074.7","6,805.3","5.12K","-0.82%"
"Mar 24, 2018","6,924.6","7,236.7","7,305.7","6,895.8","-","-4.42%"
"Mar 23, 2018","7,245.2","7,089.3","7,245.2","6,724.3","9.80K","2.20%"
"Mar 22, 2018","7,089.3","7,212.2","7,363.5","6,901.0","7.96K","-1.72%"
"Mar 21, 2018","7,213.2","7,295.5","7,476.7","7,154.1","10.15K","-1.13%"
"Mar 20, 2018","7,295.5","6,976.8","7,420.0","6,747.3","12.36K","4.67%"
"Mar 19, 2018","6,969.8","6,680.5","7,106.6","6,600.0","-","4.33%"
"Mar 18, 2018","6,680.5","6,386.3","6,750.0","5,936.1","15.97K","4.53%"
"Mar 17, 2018","6,390.8","6,727.0","6,830.0","6,271.9","10.51K","-5.07%"
"Mar 16, 2018","6,732.2","6,730.4","7,020.5","6,442.7","13.13K","0.00%"
"Mar 15, 2018","6,732.0","6,624.0","6,847.0","6,220.0","18.58K","1.63%"
"Mar 14, 2018","6,624.0","7,391.6","7,580.0","6,415.0","17.98K","-10.56%"
"Mar 13, 2018","7,406.3","7,411.1","7,684.6","7,155.0","11.02K","-0.01%"
"Mar 12, 2018","7,407.4","7,748.6","8,060.0","7,106.0","15.00K","-4.40%"
"Mar 11, 2018","7,748.6","7,152.4","7,911.4","6,863.3","-","8.53%"
"Mar 10, 2018","7,139.7","7,522.6","7,768.9","7,075.0","11.51K","-5.06%"
"Mar 09, 2018","7,520.0","7,549.0","7,642.0","6,800.7","21.33K","-0.39%"
"Mar 08, 2018","7,549.1","8,030.6","8,255.7","7,371.6","13.72K","-6.00%"
"Mar 07, 2018","8,030.7","8,625.0","8,788.1","7,636.0","-","-6.89%"
"Mar 06, 2018","8,625.0","9,249.0","9,249.0","8,507.2","11.17K","-6.76%"
"Mar 05, 2018","9,250.0","9,283.4","9,449.8","9,210.1","0.00K","-0.36%"
"Mar 04, 2018","9,283.4","9,222.3","9,295.0","8,970.0","6.12K","0.66%"
"Mar 03, 2018","9,222.3","8,940.9","9,293.9","8,925.6","6.20K","3.15%"
"Mar 02, 2018","8,940.9","8,853.8","9,079.0","8,760.0","7.89K","0.98%"
"Mar 01, 2018","8,853.8","8,430.0","8,997.0","8,350.2","8.41K","5.03%"
"Feb 28, 2018","8,430.0","8,610.3","9,035.1","8,414.2","9.44K","-2.09%"
"Feb 27, 2018","8,610.3","8,369.3","8,836.5","8,217.0","8.78K","2.96%"
"Feb 26, 2018","8,362.6","7,778.2","8,500.0","7,627.9","13.73K","7.52%"
"Feb 25, 2018","7,777.7","7,879.7","8,040.7","7,563.9","7.78K","-1.29%"
"Feb 24, 2018","7,879.7","8,253.0","8,563.0","7,613.4","13.25K","-4.61%"
"Feb 23, 2018","8,260.1","7,977.8","8,469.2","7,761.8","12.78K","3.54%"
"Feb 22, 2018","7,977.8","8,515.0","8,963.0","7,861.5","10.86K","-6.31%"
"Feb 21, 2018","8,515.0","9,123.8","9,180.0","8,315.0","16.78K","-6.63%"
"Feb 20, 2018","9,119.8","9,017.7","9,580.0","9,009.1","13.85K","1.13%"
"Feb 19, 2018","9,017.7","8,415.0","9,079.9","8,364.0","9.94K","6.64%"
"Feb 18, 2018","8,456.6","8,970.0","9,150.0","8,238.1","0.01K","-5.70%"
"Feb 17, 2018","8,968.0","8,190.8","8,989.4","8,119.9","0.00K","9.49%"
"Feb 16, 2018","8,190.8","8,025.5","8,250.0","7,800.0","-","1.78%"
"Feb 15, 2018","8,047.8","7,625.8","8,197.6","7,536.9","0.00K","5.54%"
"Feb 14, 2018","7,625.0","6,915.4","7,649.6","6,910.0","-","10.35%"
"Feb 13, 2018","6,910.0","7,234.3","7,277.3","6,820.0","9.84K","-4.57%"
"Feb 12, 2018","7,240.6","6,596.8","7,300.0","6,587.1","11.33K","9.75%"
"Feb 11, 2018","6,597.2","6,991.9","6,991.9","6,420.0","9.80K","-5.65%"
"Feb 10, 2018","6,992.0","7,079.4","7,433.7","6,675.3","14.97K","-1.23%"
"Feb 09, 2018","7,079.4","6,750.8","7,162.0","6,360.0","14.95K","4.87%"
"Feb 08, 2018","6,750.8","6,168.5","7,090.6","6,155.1","15.98K","9.44%"
"Feb 07, 2018","6,168.6","6,197.8","7,035.0","5,783.4","27.17K","-0.44%"
"Feb 06, 2018","6,196.0","5,436.2","6,430.9","4,700.0","50.93K","14.11%"
"Feb 05, 2018","5,430.0","6,518.0","6,680.0","5,261.0","36.04K","-16.81%"
"Feb 04, 2018","6,527.0","7,437.0","7,543.2","6,227.9","19.35K","-12.23%"
"Feb 03, 2018","7,436.9","7,102.7","7,653.6","6,525.2","13.72K","4.91%"
"Feb 02, 2018","7,088.7","7,175.0","7,389.3","6,004.1","37.77K","-1.04%"
"Feb 01, 2018","7,163.1","8,137.4","8,180.0","6,760.0","23.55K","-11.97%"
"Jan 31, 2018","8,137.2","8,103.8","8,305.6","7,737.0","17.31K","0.76%"
"Jan 30, 2018","8,075.8","9,020.2","9,061.1","7,902.3","20.99K","-10.47%"
"Jan 29, 2018","9,020.2","9,377.2","9,438.5","8,921.9","8.70K","-3.81%"
"Jan 28, 2018","9,377.2","9,172.2","9,550.0","9,125.3","10.45K","2.07%"
"Jan 27, 2018","9,187.1","8,960.1","9,333.2","8,719.7","10.73K","2.25%"
"Jan 26, 2018","8,984.6","9,005.7","9,358.0","8,400.0","15.34K","-0.25%"
"Jan 25, 2018","9,007.1","9,225.0","9,456.9","8,850.0","8.78K","-2.47%"
"Jan 24, 2018","9,235.1","8,827.0","9,350.0","8,510.1","10.37K","4.54%"
"Jan 23, 2018","8,833.7","8,869.9","9,356.2","8,170.0","13.80K","-0.30%"
"Jan 22, 2018","8,860.0","9,540.2","9,915.9","8,200.9","0.00K","-7.02%"
"Jan 21, 2018","9,529.2","10,511.9","10,521.0","9,201.2","12.20K","-9.35%"
"Jan 20, 2018","10,511.9","9,569.2","10,734.6","9,537.8","9.78K","9.80%"
"Jan 19, 2018","9,574.0","9,360.0","9,998.9","9,134.0","9.76K","2.29%"
"Jan 18, 2018","9,360.1","9,210.1","10,113.6","8,920.1","16.21K","1.48%"
"Jan 17, 2018","9,223.8","9,370.0","9,749.8","7,506.1","22.51K","-1.56%"
"Jan 16, 2018","9,370.0","11,164.1","11,267.4","8,250.0","21.95K","-15.96%"
"Jan 15, 2018","11,150.0","11,297.9","11,930.9","11,068.0","6.43K","-1.31%"
"Jan 14, 2018","11,297.9","11,768.0","11,861.0","10,892.0","5.18K","-3.99%"
"Jan 13, 2018","11,767.9","11,909.7","12,139.0","11,700.0","2.36K","3.17%"
"Jan 12, 2018","11,767.9","11,909.7","12,139.0","11,700.0","2.36K","3.17%"
"Jan 11, 2018","11,406.1","12,345.1","12,420.0","11,012.3","1.74K","-8.01%"
"Jan 10, 2018","12,399.0","12,072.9","12,400.0","11,200.0","7.14K","2.70%"
"Jan 09, 2018","12,072.9","12,648.7","12,768.6","11,961.8","5.72K","-4.55%"
"Jan 08, 2018","12,648.7","13,237.2","13,287.3","12,000.0","5.89K","-4.45%"
"Jan 07, 2018","13,237.2","14,184.0","14,199.7","13,039.8","3.92K","-6.68%"
"Jan 06, 2018","14,184.0","14,297.6","14,333.8","13,501.0","4.16K","-0.79%"
"Jan 05, 2018","14,297.6","12,750.4","14,480.0","12,412.1","6.06K","12.13%"
"Jan 04, 2018","12,750.4","12,660.0","12,819.2","12,000.0","4.44K","0.71%"
"Jan 03, 2018","12,660.0","12,299.8","12,887.0","12,290.0","3.53K","2.93%"
"Jan 02, 2018","12,299.8","11,350.0","12,746.0","10,905.0","5.16K","8.37%"
"Jan 01, 2018","11,350.0","11,993.6","11,995.2","11,090.0","3.68K","-5.37%"
"Dec 31, 2017","11,993.6","10,654.4","12,180.0","10,520.6","5.10K","12.57%"
"Dec 30, 2017","10,654.4","12,258.8","12,311.6","10,438.2","8.54K","-13.09%"
"Dec 29, 2017","12,258.8","12,290.0","12,689.6","11,989.0","4.59K","-0.25%"
"Dec 28, 2017","12,290.0","13,010.0","13,100.0","11,721.8","7.09K","-5.53%"
"Dec 27, 2017","13,010.0","13,161.9","13,596.0","12,276.0","6.21K","-1.15%"
"Dec 26, 2017","13,161.9","11,685.8","13,490.0","11,527.0","5.76K","12.63%"
"Dec 25, 2017","11,685.8","11,775.0","12,298.0","11,184.8","4.37K","-0.76%"
"Dec 24, 2017","11,775.0","12,339.0","12,405.7","10,500.0","6.43K","-4.57%"
"Dec 23, 2017","12,339.0","11,615.9","13,173.9","11,450.0","6.39K","6.23%"
"Dec 22, 2017","11,615.9","12,587.5","12,829.2","8,926.0","10.19K","-7.72%"
"Dec 21, 2017","12,587.5","13,898.5","14,554.9","11,100.0","6.95K","-9.43%"
"Dec 20, 2017","13,898.5","14,994.2","15,284.0","13,329.0","8.97K","-7.31%"
"Dec 19, 2017","14,994.2","15,767.2","15,800.1","14,466.0","7.49K","-4.90%"
"Dec 18, 2017","15,767.2","15,601.0","15,866.0","14,980.0","5.08K","1.07%"
"Dec 17, 2017","15,601.0","16,135.6","16,323.0","15,284.0","4.69K","-3.31%"
"Dec 16, 2017","16,135.6","14,660.0","16,310.4","14,503.1","4.81K","10.07%"
"Dec 15, 2017","14,660.0","13,661.5","14,977.0","13,615.0","4.73K","7.31%"
"Dec 14, 2017","13,661.5","13,250.1","13,750.0","13,000.0","3.66K","3.10%"
"Dec 13, 2017","13,250.1","13,770.0","14,050.0","13,090.0","3.78K","-3.78%"
"Dec 12, 2017","13,770.0","13,651.5","14,250.1","13,161.5","4.96K","0.87%"
"Dec 11, 2017","13,651.5","12,300.0","14,372.7","12,300.0","6.63K","10.99%"
"Dec 10, 2017","12,300.0","12,215.4","12,974.0","10,775.0","7.98K","0.69%"
"Dec 09, 2017","12,215.4","13,297.9","13,400.0","10,950.0","6.07K","-8.14%"
"Dec 08, 2017","13,297.9","13,760.1","14,238.8","11,901.3","9.24K","-3.36%"
"Dec 07, 2017","13,760.1","11,450.0","13,779.0","11,260.0","10.32K","20.18%"
"Dec 06, 2017","11,450.0","9,900.3","11,748.8","9,201.2","10.07K","15.65%"
"Dec 05, 2017","9,900.3","9,675.0","9,990.0","9,201.9","5.48K","2.33%"
"Dec 04, 2017","9,675.0","9,311.0","9,677.0","9,202.3","6.01K","3.91%"
"Dec 03, 2017","9,311.0","9,175.3","9,687.7","8,955.0","6.79K","1.48%"
"Dec 02, 2017","9,175.3","9,149.5","9,375.0","8,922.3","4.71K","0.28%"
"Dec 01, 2017","9,149.5","8,462.0","9,225.0","8,100.0","8.65K","8.12%"
"Nov 30, 2017","8,462.0","8,383.1","9,063.7","7,710.9","12.58K","0.94%"
"Nov 29, 2017","8,383.1","8,309.1","9,494.0","7,766.7","16.18K","0.89%"
"Nov 28, 2017","8,309.1","8,074.5","8,397.0","8,011.0","6.76K","2.91%"
"Nov 27, 2017","8,074.5","7,594.0","8,084.8","7,571.4","7.65K","6.33%"
"Nov 26, 2017","7,594.0","7,240.0","7,755.8","7,240.0","5.72K","4.89%"
"Nov 25, 2017","7,240.0","6,899.3","7,248.5","6,838.6","4.96K","4.94%"
"Nov 24, 2017","6,899.3","6,775.0","7,030.0","6,670.0","5.80K","1.83%"
"Nov 23, 2017","6,775.0","6,977.5","7,011.0","6,770.0","4.82K","-2.90%"
"Nov 22, 2017","6,977.5","6,890.8","7,085.0","6,890.0","3.96K","1.26%"
"Nov 21, 2017","6,890.8","6,944.8","7,115.0","6,710.0","7.89K","-0.78%"
"Nov 20, 2017","6,944.8","6,772.2","6,990.0","6,710.0","5.55K","2.55%"
"Nov 19, 2017","6,772.2","6,579.8","6,799.0","6,450.0","5.36K","2.92%"
"Nov 18, 2017","6,579.8","6,551.0","6,644.9","6,320.2","4.53K","0.44%"
"Nov 17, 2017","6,551.0","6,642.0","6,799.0","6,475.0","9.43K","-1.37%"
"Nov 16, 2017","6,642.0","6,214.9","6,700.0","6,100.0","9.04K","6.87%"
"Nov 15, 2017","6,214.9","5,682.0","6,240.0","5,680.1","10.32K","9.38%"
"Nov 14, 2017","5,682.0","5,629.1","5,797.3","5,581.1","6.93K","0.94%"
"Nov 13, 2017","5,629.1","5,000.0","5,838.0","4,923.5","12.72K","12.58%"
"Nov 12, 2017","5,000.0","5,359.6","5,532.1","4,650.0","17.86K","-6.71%"
"Nov 11, 2017","5,359.6","5,602.1","5,800.0","4,940.0","12.46K","-4.33%"
"Nov 10, 2017","5,602.1","6,173.0","6,338.0","5,410.0","20.30K","-9.25%"
"Nov 09, 2017","6,173.0","6,452.7","6,466.0","6,000.0","8.98K","-4.33%"
"Nov 08, 2017","6,452.7","6,122.8","6,699.7","6,070.1","9.93K","5.39%"
"Nov 07, 2017","6,122.8","6,000.0","6,280.0","5,990.4","5.71K","2.05%"
"Nov 06, 2017","6,000.0","6,352.5","6,432.0","5,905.0","9.70K","-5.55%"
"Nov 05, 2017","6,352.5","6,323.4","6,539.2","6,265.6","5.09K","0.46%"
"Nov 04, 2017","6,323.4","6,161.9","6,401.0","6,016.1","5.34K","2.62%"
"Nov 03, 2017","6,161.9","6,010.5","6,371.0","5,922.1","9.65K","2.52%"
"Nov 02, 2017","6,010.5","5,799.9","6,310.0","5,796.7","11.52K","3.63%"
"Nov 01, 2017","5,799.9","5,535.0","5,930.0","5,450.0","10.84K","4.79%"
"Oct 31, 2017","5,535.0","5,255.4","5,550.0","5,228.3","6.97K","5.32%"
"Oct 30, 2017","5,255.4","5,275.0","5,335.9","5,190.0","6.08K","-0.37%"
"Oct 29, 2017","5,275.0","4,940.1","5,305.0","4,901.1","6.82K","6.78%"
"Oct 28, 2017","4,940.1","4,988.8","5,064.4","4,891.0","3.10K","-0.98%"
"Oct 27, 2017","4,988.8","5,050.9","5,119.9","4,945.0","4.89K","-1.23%"
"Oct 26, 2017","5,050.9","4,876.8","5,099.5","4,815.7","6.03K","3.57%"
"Oct 25, 2017","4,876.8","4,699.2","4,883.7","4,600.0","7.69K","3.78%"
"Oct 24, 2017","4,699.2","5,007.3","5,010.7","4,651.5","9.21K","-6.15%"
"Oct 23, 2017","5,007.3","5,088.4","5,149.0","4,869.0","8.11K","1.05%"
"Oct 22, 2017","4,955.1","4,955.1","4,955.1","4,955.1","-","0.00%"
"Oct 21, 2017","4,955.1","4,955.1","4,955.1","4,955.1","-","0.00%"
"Oct 20, 2017","4,955.1","4,806.8","4,994.0","4,761.4","4.01K","3.09%"
"Oct 19, 2017","4,806.8","4,750.0","4,838.0","4,696.0","5.88K","1.20%"
"Oct 18, 2017","4,750.0","4,754.1","4,759.9","4,390.4","9.69K","-0.09%"
"Oct 17, 2017","4,754.1","4,849.9","4,849.9","4,710.0","5.23K","-1.98%"
"Oct 16, 2017","4,849.9","4,770.0","4,865.0","4,700.5","5.58K","1.68%"
"Oct 15, 2017","4,770.0","4,879.9","4,899.0","4,575.9","7.75K","-2.25%"
"Oct 14, 2017","4,879.9","4,730.0","4,880.0","4,674.0","4.50K","3.17%"
"Oct 13, 2017","4,730.0","4,534.5","4,854.4","4,490.5","12.07K","4.31%"
"Oct 12, 2017","4,534.5","4,056.9","4,537.0","4,050.1","13.42K","11.77%"
"Oct 11, 2017","4,056.9","4,012.0","4,100.0","3,980.2","4.71K","1.12%"
"Oct 10, 2017","4,012.0","4,040.0","4,145.0","3,982.2","6.35K","-0.69%"
"Oct 09, 2017","4,040.0","3,876.4","4,120.0","3,856.3","9.23K","4.22%"
"Oct 08, 2017","3,876.4","3,769.3","3,889.9","3,747.7","4.36K","2.84%"
"Oct 07, 2017","3,769.3","3,705.5","3,785.0","3,670.0","2.91K","1.72%"
"Oct 06, 2017","3,705.5","3,679.0","3,770.0","3,668.1","4.52K","0.72%"
"Oct 05, 2017","3,679.0","3,594.9","3,721.2","3,533.1","6.23K","2.34%"
"Oct 04, 2017","3,594.9","3,670.0","3,691.6","3,556.6","4.84K","-2.05%"
"Oct 03, 2017","3,670.0","3,728.6","3,764.0","3,601.2","6.38K","-1.57%"
"Oct 02, 2017","3,728.6","3,688.9","3,789.0","3,688.0","7.26K","1.08%"
"Oct 01, 2017","3,688.9","3,659.0","3,688.9","3,571.8","3.97K","0.82%"
"Sep 30, 2017","3,659.0","3,502.7","3,675.0","3,500.0","4.94K","4.46%"
"Sep 29, 2017","3,502.7","3,538.5","3,567.0","3,406.0","5.83K","-1.01%"
"Sep 28, 2017","3,538.5","3,565.0","3,625.9","3,487.2","7.83K","-0.74%"
"Sep 27, 2017","3,565.0","3,276.6","3,588.5","3,265.0","9.15K","8.80%"
"Sep 26, 2017","3,276.6","3,310.0","3,369.9","3,246.0","7.13K","-1.01%"
"Sep 25, 2017","3,310.0","3,082.7","3,360.0","3,082.6","8.31K","7.37%"
"Sep 24, 2017","3,082.7","3,176.0","3,177.2","3,056.3","3.50K","-2.94%"
"Sep 23, 2017","3,176.0","3,048.3","3,205.2","3,011.0","5.40K","4.19%"
"Sep 22, 2017","3,048.3","3,037.0","3,150.0","2,944.9","9.33K","0.37%"
"Sep 21, 2017","3,037.0","3,240.0","3,295.4","3,001.0","11.00K","-6.27%"
"Sep 20, 2017","3,240.0","3,267.6","3,370.9","3,207.0","7.59K","-0.84%"
"Sep 19, 2017","3,267.6","3,453.8","3,468.0","3,210.0","10.01K","-5.39%"
"Sep 18, 2017","3,453.8","3,113.6","3,470.0","3,113.0","13.20K","10.93%"
"Sep 17, 2017","3,113.6","3,127.1","3,207.9","2,925.0","7.05K","-0.43%"
"Sep 16, 2017","3,127.1","3,161.9","3,300.0","3,000.1","13.34K","-1.10%"
"Sep 15, 2017","3,161.9","2,742.8","3,248.9","2,491.7","34.04K","15.28%"
"Sep 14, 2017","2,742.8","3,240.9","3,291.4","2,712.2","26.49K","-15.37%"
"Sep 13, 2017","3,240.9","3,490.0","3,495.0","3,128.5","18.33K","-7.14%"
"Sep 12, 2017","3,490.0","3,552.6","3,700.0","3,465.0","8.26K","-1.76%"
"Sep 11, 2017","3,552.6","3,581.1","3,685.3","3,501.0","6.62K","-0.80%"
"Sep 10, 2017","3,581.1","3,629.2","3,664.9","3,420.0","6.76K","-1.33%"
"Sep 09, 2017","3,629.2","3,664.1","3,734.7","3,520.0","5.12K","-0.95%"
"Sep 08, 2017","3,664.1","3,865.5","3,906.0","3,496.0","10.51K","-5.21%"
"Sep 07, 2017","3,865.5","3,903.9","3,939.9","3,811.0","5.96K","-0.98%"
"Sep 06, 2017","3,903.9","3,778.1","3,948.0","3,762.5","8.98K","3.33%"
"Sep 05, 2017","3,778.1","3,663.8","3,830.0","3,498.2","12.72K","3.12%"
"Sep 04, 2017","3,663.8","3,926.7","3,939.0","3,463.1","18.09K","-6.69%"
"Sep 03, 2017","3,926.7","3,894.7","4,012.2","3,748.0","8.53K","0.82%"
"Sep 02, 2017","3,894.7","4,139.9","4,173.9","3,815.1","11.49K","-5.92%"
"Sep 01, 2017","4,139.9","3,980.0","4,155.0","3,946.5","8.40K","4.02%"
"Aug 31, 2017","3,980.0","3,833.1","3,999.5","3,828.6","7.29K","3.83%"
"Aug 30, 2017","3,833.1","3,809.9","3,869.0","3,750.0","6.62K","0.61%"
"Aug 29, 2017","3,809.9","3,667.2","3,870.0","3,618.7","10.18K","3.89%"
"Aug 28, 2017","3,667.2","3,637.6","3,673.0","3,515.2","7.56K","0.81%"
"Aug 27, 2017","3,637.6","3,653.1","3,694.7","3,628.0","3.44K","-0.42%"
"Aug 26, 2017","3,653.1","3,678.1","3,695.3","3,269.1","3.48K","-0.68%"
"Aug 25, 2017","3,678.1","3,693.6","3,775.0","3,621.5","7.09K","-0.42%"
"Aug 24, 2017","3,693.6","3,546.0","3,712.0","3,504.7","7.83K","4.16%"
"Aug 23, 2017","3,546.0","3,497.5","3,664.0","3,480.0","8.44K","1.39%"
"Aug 22, 2017","3,497.5","3,398.1","3,573.8","3,080.0","14.78K","2.92%"
"Aug 21, 2017","3,398.1","3,479.7","3,518.8","3,385.0","7.66K","-2.35%"
"Aug 20, 2017","3,479.7","3,550.8","3,570.0","3,431.2","6.75K","-2.00%"
"Aug 19, 2017","3,550.8","3,530.0","3,699.0","3,366.9","7.40K","0.59%"
"Aug 18, 2017","3,530.0","3,637.0","3,721.0","3,365.9","13.87K","-2.94%"
"Aug 17, 2017","3,637.0","3,740.0","3,849.0","3,603.2","12.59K","-2.75%"
"Aug 16, 2017","3,740.0","3,543.0","3,752.3","3,359.0","12.84K","5.56%"
"Aug 15, 2017","3,543.0","3,684.0","3,752.3","3,250.0","20.93K","-3.83%"
"Aug 14, 2017","3,684.0","3,468.9","3,736.6","3,400.0","13.64K","6.20%"
"Aug 13, 2017","3,468.9","3,295.0","3,582.9","3,237.0","17.13K","5.28%"
"Aug 12, 2017","3,295.0","3,118.4","3,337.9","3,060.0","10.93K","5.66%"
"Aug 11, 2017","3,118.4","2,916.8","3,153.7","2,908.3","10.63K","6.91%"
"Aug 10, 2017","2,916.8","2,872.7","2,968.1","2,850.9","8.29K","1.54%"
"Aug 09, 2017","2,872.7","2,927.8","2,937.2","2,785.0","9.77K","-1.88%"
"Aug 08, 2017","2,927.8","2,876.3","2,966.9","2,857.0","12.24K","1.79%"
"Aug 07, 2017","2,876.3","2,741.1","2,889.7","2,717.0","11.00K","4.93%"
"Aug 06, 2017","2,741.1","2,762.4","2,786.9","2,672.0","7.74K","-0.77%"
"Aug 05, 2017","2,762.4","2,428.3","2,794.6","2,424.9","17.35K","13.76%"
"Aug 04, 2017","2,428.3","2,376.0","2,442.5","2,351.2","8.81K","2.20%"
"Aug 03, 2017","2,376.0","2,277.7","2,384.6","2,277.7","8.71K","4.31%"
"Aug 02, 2017","2,277.7","2,328.8","2,336.0","2,248.8","10.17K","-2.19%"
"Aug 01, 2017","2,328.8","2,469.8","2,500.0","2,221.6","21.12K","-5.71%"
"Jul 31, 2017","2,469.8","2,380.0","2,487.0","2,350.0","12.37K","3.77%"
"Jul 30, 2017","2,380.0","2,332.3","2,382.3","2,305.0","7.36K","2.05%"
"Jul 29, 2017","2,332.3","2,383.4","2,391.8","2,300.6","8.40K","-2.14%"
"Jul 28, 2017","2,383.4","2,296.0","2,413.7","2,289.1","13.88K","3.81%"
"Jul 27, 2017","2,296.0","2,185.0","2,315.0","2,167.0","9.95K","5.08%"
"Jul 26, 2017","2,185.0","2,216.0","2,243.9","2,116.0","11.17K","-1.40%"
"Jul 25, 2017","2,216.0","2,387.5","2,394.0","2,126.1","17.38K","-7.18%"
"Jul 24, 2017","2,387.5","2,365.7","2,410.0","2,326.0","7.17K","0.92%"
"Jul 23, 2017","2,365.7","2,426.0","2,439.0","2,300.6","12.30K","-2.49%"
"Jul 22, 2017","2,426.0","2,296.8","2,467.0","2,279.1","11.52K","5.63%"
"Jul 21, 2017","2,296.8","2,435.0","2,442.5","2,251.3","19.41K","-5.68%"
"Jul 20, 2017","2,435.0","1,964.0","2,490.0","1,963.4","23.64K","23.98%"
"Jul 19, 2017","1,964.0","2,011.0","2,089.9","1,932.1","15.41K","-2.34%"
"Jul 18, 2017","2,011.0","1,932.1","2,092.6","1,875.1","21.24K","4.08%"
"Jul 17, 2017","1,932.1","1,670.7","1,937.9","1,669.3","22.15K","15.65%"
"Jul 16, 2017","1,670.7","1,722.7","1,781.0","1,610.0","23.51K","-3.02%"
"Jul 15, 2017","1,722.7","1,938.3","1,941.1","1,720.0","21.04K","-11.13%"
"Jul 14, 2017","1,938.3","2,051.0","2,061.5","1,875.1","15.91K","-5.49%"
"Jul 13, 2017","2,051.0","2,087.7","2,113.5","2,030.9","9.58K","-1.76%"
"Jul 12, 2017","2,087.7","2,019.2","2,117.0","1,971.0","14.19K","3.39%"
"Jul 11, 2017","2,019.2","2,048.3","2,105.9","1,973.8","17.28K","-1.42%"
"Jul 10, 2017","2,048.3","2,201.3","2,211.1","2,001.0","16.30K","-6.95%"
"Jul 09, 2017","2,201.3","2,242.0","2,250.0","2,201.3","4.37K","-1.82%"
"Jul 08, 2017","2,242.0","2,200.3","2,246.8","2,176.0","6.30K","1.90%"
"Jul 07, 2017","2,200.3","2,284.7","2,288.3","2,177.1","8.64K","-3.69%"
"Jul 06, 2017","2,284.7","2,294.4","2,301.3","2,267.7","5.74K","-0.42%"
"Jul 05, 2017","2,294.4","2,291.0","2,309.0","2,226.2","9.25K","0.15%"
"Jul 04, 2017","2,291.0","2,250.0","2,323.6","2,245.2","10.51K","1.82%"
"Jul 03, 2017","2,250.0","2,198.8","2,277.7","2,167.4","11.23K","2.33%"
"Jul 02, 2017","2,198.8","2,103.0","2,218.9","2,070.0","9.72K","4.56%"
"Jul 01, 2017","2,103.0","2,142.9","2,180.0","2,075.0","8.94K","-1.86%"
"Jun 30, 2017","2,142.9","2,213.2","2,238.0","2,125.0","8.69K","-3.18%"
"Jun 29, 2017","2,213.2","2,244.5","2,265.0","2,187.1","8.33K","-1.39%"
"Jun 28, 2017","2,244.5","2,220.0","2,277.0","2,146.2","13.89K","1.10%"
"Jun 27, 2017","2,220.0","2,135.2","2,220.0","2,000.7","23.77K","3.97%"
"Jun 26, 2017","2,135.2","2,216.7","2,258.9","1,970.0","27.00K","-3.68%"
"Jun 25, 2017","2,216.7","2,282.4","2,339.0","2,145.4","12.80K","-2.88%"
"Jun 24, 2017","2,282.4","2,397.8","2,425.6","2,233.0","10.34K","-4.81%"
"Jun 23, 2017","2,397.8","2,392.9","2,438.0","2,382.3","6.88K","0.20%"
"Jun 22, 2017","2,392.9","2,361.0","2,430.3","2,323.6","11.28K","1.35%"
"Jun 21, 2017","2,361.0","2,438.6","2,479.0","2,327.0","15.34K","-3.18%"
"Jun 20, 2017","2,438.6","2,285.8","2,485.0","2,285.8","19.76K","6.68%"
"Jun 19, 2017","2,285.8","2,226.0","2,305.5","2,202.0","13.37K","2.69%"
"Jun 18, 2017","2,226.0","2,351.1","2,369.3","2,188.6","12.57K","-5.32%"
"Jun 17, 2017","2,351.1","2,213.9","2,381.4","2,156.1","12.45K","6.20%"
"Jun 16, 2017","2,213.9","2,165.0","2,535.1","2,082.4","17.36K","2.26%"
"Jun 15, 2017","2,165.0","2,206.8","2,245.0","1,925.7","38.85K","-1.90%"
"Jun 14, 2017","2,206.8","2,399.3","2,475.1","2,111.1","23.69K","-8.02%"
"Jun 13, 2017","2,399.3","2,324.6","2,466.3","2,307.6","18.05K","3.22%"
"Jun 12, 2017","2,324.6","2,596.8","2,618.0","2,212.2","27.99K","-10.48%"
"Jun 11, 2017","2,596.8","2,508.0","2,617.0","2,500.6","12.25K","3.54%"
"Jun 10, 2017","2,508.0","2,531.9","2,617.2","2,490.0","14.65K","-0.94%"
"Jun 09, 2017","2,531.9","2,506.7","2,564.3","2,500.1","9.35K","1.00%"
"Jun 08, 2017","2,506.7","2,411.0","2,510.0","2,358.7","13.37K","3.97%"
"Jun 07, 2017","2,411.0","2,549.6","2,564.0","2,370.5","18.36K","-5.44%"
"Jun 06, 2017","2,549.6","2,389.1","2,602.9","2,382.3","31.87K","6.71%"
"Jun 05, 2017","2,389.1","2,245.0","2,389.1","2,245.0","11.53K","6.42%"
"Jun 04, 2017","2,245.0","2,266.4","2,285.0","2,217.0","9.86K","-0.94%"
"Jun 03, 2017","2,266.4","2,217.4","2,300.0","2,177.8","11.45K","2.21%"
"Jun 02, 2017","2,217.4","2,123.7","2,221.6","2,095.2","12.66K","4.41%"
"Jun 01, 2017","2,123.7","2,048.0","2,179.1","2,048.0","20.21K","3.70%"
"May 31, 2017","2,048.0","1,912.9","2,080.0","1,893.9","21.21K","7.06%"
"May 30, 2017","1,912.9","2,041.0","2,082.2","1,893.9","25.15K","-6.28%"
"May 29, 2017","2,041.0","1,892.0","2,095.0","1,856.5","23.11K","7.88%"
"May 28, 2017","1,892.0","1,793.8","2,038.5","1,787.2","22.64K","5.47%"
"May 27, 2017","1,793.8","1,978.9","2,041.0","1,652.7","37.23K","-9.35%"
"May 26, 2017","1,978.9","1,984.6","2,277.7","1,834.3","38.30K","-0.29%"
"May 25, 2017","1,984.6","2,118.0","2,406.2","1,932.1","39.71K","-6.30%"
"May 24, 2017","2,118.0","1,992.0","2,228.3","1,981.8","28.99K","6.32%"
"May 23, 2017","1,992.0","1,852.8","2,110.7","1,817.7","19.85K","7.51%"
"May 22, 2017","1,852.8","1,801.7","1,941.7","1,757.4","28.67K","2.83%"
"May 21, 2017","1,801.7","1,805.0","1,850.0","1,780.3","12.35K","-0.18%"
"May 20, 2017","1,805.0","1,750.1","1,810.0","1,741.3","10.59K","3.14%"
"May 19, 2017","1,750.1","1,703.0","1,754.9","1,681.0","16.09K","2.77%"
"May 18, 2017","1,703.0","1,650.0","1,705.0","1,638.9","13.96K","3.21%"
"May 17, 2017","1,650.0","1,609.0","1,685.0","1,598.5","16.02K","2.55%"
"May 16, 2017","1,609.0","1,600.9","1,622.0","1,563.6","12.47K","0.50%"
"May 15, 2017","1,600.9","1,641.3","1,647.3","1,551.4","16.11K","-2.46%"
"May 14, 2017","1,641.3","1,638.2","1,668.0","1,608.5","10.39K","0.19%"
"May 13, 2017","1,638.2","1,558.2","1,642.8","1,480.4","16.77K","5.14%"
"May 12, 2017","1,558.2","1,690.1","1,695.9","1,505.6","25.49K","-7.81%"
"May 11, 2017","1,690.1","1,636.4","1,731.3","1,610.3","19.75K","3.28%"
"May 10, 2017","1,636.4","1,571.3","1,647.2","1,543.7","16.61K","4.14%"
"May 09, 2017","1,571.3","1,510.0","1,615.0","1,494.0","23.91K","4.06%"
"May 08, 2017","1,510.0","1,415.2","1,510.0","1,413.4","18.98K","6.70%"
"May 07, 2017","1,415.2","1,403.8","1,419.8","1,385.0","9.61K","0.81%"
"May 06, 2017","1,403.8","1,374.3","1,411.1","1,370.8","7.65K","2.15%"
"May 05, 2017","1,374.3","1,383.2","1,446.8","1,354.0","21.32K","-0.65%"
"May 04, 2017","1,383.2","1,377.4","1,475.0","1,296.4","27.76K","0.42%"
"May 03, 2017","1,377.4","1,318.0","1,386.0","1,221.9","13.17K","4.51%"
"May 02, 2017","1,318.0","1,252.5","1,339.0","1,248.7","15.55K","5.23%"
"May 01, 2017","1,252.5","1,224.0","1,290.0","1,215.0","14.88K","2.33%"
"Apr 30, 2017","1,224.0","1,210.6","1,224.5","1,194.8","7.31K","1.10%"
"Apr 29, 2017","1,210.6","1,210.0","1,219.2","1,200.8","6.06K","0.05%"
"Apr 28, 2017","1,210.0","1,213.0","1,224.0","1,179.9","11.83K","-0.25%"
"Apr 27, 2017","1,213.0","1,181.9","1,224.6","1,175.5","10.76K","2.63%"
"Apr 26, 2017","1,181.9","1,168.9","1,199.8","1,161.1","8.92K","1.11%"
"Apr 25, 2017","1,168.9","1,155.1","1,174.0","1,152.8","6.40K","1.20%"
"Apr 24, 2017","1,155.1","1,143.4","1,159.0","1,141.2","5.28K","1.02%"
"Apr 23, 2017","1,143.4","1,150.0","1,158.0","1,139.4","4.94K","-0.57%"
"Apr 22, 2017","1,150.0","1,158.4","1,159.0","1,122.5","5.74K","-0.72%"
"Apr 21, 2017","1,158.4","1,153.0","1,166.0","1,148.6","6.52K","0.47%"
"Apr 20, 2017","1,153.0","1,127.9","1,158.0","1,119.6","9.44K","2.23%"
"Apr 19, 2017","1,127.9","1,121.0","1,130.5","1,115.2","6.02K","0.61%"
"Apr 18, 2017","1,121.0","1,115.6","1,133.7","1,111.3","5.51K","0.48%"
"Apr 17, 2017","1,115.6","1,109.2","1,130.1","1,104.8","5.18K","0.58%"
"Apr 16, 2017","1,109.2","1,097.0","1,114.1","1,095.0","2.53K","1.11%"
"Apr 15, 2017","1,097.0","1,111.5","1,120.0","1,092.1","4.66K","-1.30%"
"Apr 14, 2017","1,111.5","1,103.0","1,121.0","1,093.0","6.60K","0.77%"
"Apr 13, 2017","1,103.0","1,137.6","1,142.0","1,080.2","12.83K","-3.04%"
"Apr 12, 2017","1,137.6","1,149.4","1,155.0","1,133.7","6.08K","-1.03%"
"Apr 11, 2017","1,149.4","1,133.0","1,159.5","1,126.5","6.25K","1.45%"
"Apr 10, 2017","1,133.0","1,131.1","1,145.0","1,128.1","5.53K","0.17%"
"Apr 09, 2017","1,131.1","1,113.8","1,142.5","1,105.8","6.37K","1.55%"
"Apr 08, 2017","1,113.8","1,124.0","1,130.0","1,097.0","4.91K","-0.91%"
"Apr 07, 2017","1,124.0","1,128.5","1,140.0","1,106.6","9.73K","-0.40%"
"Apr 06, 2017","1,128.5","1,060.0","1,141.7","1,060.0","15.24K","6.47%"
"Apr 05, 2017","1,060.0","1,064.7","1,070.0","1,041.0","8.95K","-0.44%"
"Apr 04, 2017","1,064.7","1,074.0","1,089.3","1,050.0","10.56K","-0.86%"
"Apr 03, 2017","1,074.0","1,030.6","1,084.3","1,027.7","12.45K","4.21%"
"Apr 02, 2017","1,030.6","1,019.5","1,040.0","1,007.1","7.98K","1.09%"
"Apr 01, 2017","1,019.5","1,007.0","1,033.5","995.3","8.22K","1.24%"
"Mar 31, 2017","1,007.0","965.5","1,013.3","965.3","14.22K","4.30%"
"Mar 30, 2017","965.5","962.0","970.8","950.0","8.95K","0.36%"
"Mar 29, 2017","962.0","958.0","975.6","918.9","11.55K","0.42%"
"Mar 28, 2017","958.0","953.0","975.0","932.8","14.45K","0.53%"
"Mar 27, 2017","953.0","882.9","957.7","874.2","14.48K","7.94%"
"Mar 26, 2017","882.9","876.2","922.0","861.2","13.29K","0.77%"
"Mar 25, 2017","876.2","857.0","886.3","815.8","22.04K","2.24%"
"Mar 24, 2017","857.0","951.5","954.4","845.0","22.54K","-9.94%"
"Mar 23, 2017","951.5","956.2","976.1","935.7","9.48K","-0.49%"
"Mar 22, 2017","956.2","1,023.0","1,027.0","911.0","21.03K","-6.53%"
"Mar 21, 2017","1,023.0","954.8","1,030.0","951.5","15.45K","7.14%"
"Mar 20, 2017","954.8","942.7","977.0","925.7","14.12K","1.29%"
"Mar 19, 2017","942.7","879.1","984.4","876.8","18.77K","7.23%"
"Mar 18, 2017","879.1","991.3","1,017.7","850.0","35.00K","-11.31%"
"Mar 17, 2017","991.3","1,074.2","1,075.0","975.0","27.09K","-7.72%"
"Mar 16, 2017","1,074.2","1,170.0","1,170.0","1,010.0","23.89K","-8.19%"
"Mar 15, 2017","1,170.0","1,164.3","1,179.5","1,160.0","6.98K","0.49%"
"Mar 14, 2017","1,164.3","1,153.6","1,178.0","1,140.5","7.32K","0.93%"
"Mar 13, 2017","1,153.6","1,146.4","1,162.4","1,126.1","11.85K","0.63%"
"Mar 12, 2017","1,146.4","1,104.4","1,159.5","1,100.9","7.89K","3.81%"
"Mar 11, 2017","1,104.4","1,044.1","1,129.0","1,032.4","12.30K","5.77%"
"Mar 10, 2017","1,044.1","1,126.3","1,227.4","952.9","31.26K","-7.30%"
"Mar 09, 2017","1,126.3","1,066.2","1,137.7","1,059.8","11.81K","5.64%"
"Mar 08, 2017","1,066.2","1,164.4","1,173.3","1,063.0","18.47K","-8.43%"
"Mar 07, 2017","1,164.4","1,208.3","1,208.9","1,128.0","14.33K","-3.63%"
"Mar 06, 2017","1,208.3","1,191.7","1,213.0","1,184.7","4.79K","1.39%"
"Mar 05, 2017","1,191.7","1,188.0","1,197.1","1,167.5","3.74K","0.31%"
"Mar 04, 2017","1,188.0","1,209.7","1,210.0","1,157.8","7.19K","-1.80%"
"Mar 03, 2017","1,209.7","1,192.5","1,225.0","1,180.6","11.01K","1.44%"
"Mar 02, 2017","1,192.5","1,154.3","1,200.1","1,140.6","10.63K","3.31%"
"Mar 01, 2017","1,154.3","1,117.9","1,164.0","1,114.1","8.14K","3.26%"
"Feb 28, 2017","1,117.9","1,123.4","1,134.2","1,109.5","7.33K","-0.49%"
"Feb 27, 2017","1,123.4","1,108.0","1,125.0","1,104.4","5.67K","1.39%"
"Feb 26, 2017","1,108.0","1,089.3","1,118.3","1,073.1","5.82K","1.71%"
"Feb 25, 2017","1,089.3","1,120.0","1,122.1","1,072.4","7.93K","-2.74%"
"Feb 24, 2017","1,120.0","1,114.1","1,147.2","1,071.1","17.20K","0.53%"
"Feb 23, 2017","1,114.1","1,065.0","1,124.5","1,062.5","10.95K","4.61%"
"Feb 22, 2017","1,065.0","1,063.0","1,074.2","1,046.7","8.11K","0.19%"
"Feb 21, 2017","1,063.0","1,019.0","1,063.9","1,015.8","11.66K","4.32%"
"Feb 20, 2017","1,019.0","991.0","1,025.0","985.2","6.37K","2.83%"
"Feb 19, 2017","991.0","997.8","999.8","977.0","3.32K","-0.68%"
"Feb 18, 2017","997.8","991.9","1,005.4","989.8","5.37K","0.59%"
"Feb 17, 2017","991.9","980.0","999.8","975.0","6.52K","1.22%"
"Feb 16, 2017","980.0","958.3","988.9","958.1","6.21K","2.26%"
"Feb 15, 2017","958.3","957.0","965.0","952.0","3.88K","0.14%"
"Feb 14, 2017","957.0","944.4","964.2","935.4","7.11K","1.33%"
"Feb 13, 2017","944.4","946.0","949.0","916.9","5.00K","-0.17%"
"Feb 12, 2017","946.0","949.9","953.0","940.3","2.46K","-0.41%"
"Feb 11, 2017","949.9","940.6","956.7","935.0","3.73K","0.99%"
"Feb 10, 2017","940.6","921.5","949.0","886.0","11.35K","2.07%"
"Feb 09, 2017","921.5","990.9","1,007.5","848.0","23.86K","-7.01%"
"Feb 08, 2017","990.9","988.3","1,000.1","963.3","10.92K","0.27%"
"Feb 07, 2017","988.3","953.0","990.0","952.7","8.41K","3.70%"
"Feb 06, 2017","953.0","943.9","959.7","940.0","4.50K","0.96%"
"Feb 05, 2017","943.9","960.0","961.1","935.0","4.84K","-1.68%"
"Feb 04, 2017","960.0","941.9","967.4","933.0","6.47K","1.92%"
"Feb 03, 2017","941.9","938.0","957.3","923.8","10.11K","0.42%"
"Feb 02, 2017","938.0","919.2","942.5","908.1","7.19K","2.04%"
"Feb 01, 2017","919.2","900.6","919.2","896.6","7.24K","2.07%"
"Jan 31, 2017","900.6","861.0","901.0","859.2","8.37K","4.60%"
"Jan 30, 2017","861.0","855.5","866.3","848.2","4.41K","0.64%"
"Jan 29, 2017","855.5","861.1","863.0","853.3","1.95K","-0.65%"
"Jan 28, 2017","861.1","860.5","865.8","860.0","1.57K","0.07%"
"Jan 27, 2017","860.5","860.0","870.3","852.9","4.08K","0.06%"
"Jan 26, 2017","860.0","836.0","863.9","834.0","4.95K","2.87%"
"Jan 25, 2017","836.0","837.0","844.0","830.1","4.56K","-0.12%"
"Jan 24, 2017","837.0","862.0","865.8","830.1","10.20K","-2.90%"
"Jan 23, 2017","862.0","861.8","873.7","852.7","4.40K","0.02%"
"Jan 22, 2017","861.8","865.0","880.0","837.1","8.80K","-0.37%"
"Jan 21, 2017","865.0","841.0","870.9","839.4","5.20K","2.86%"
"Jan 20, 2017","841.0","843.3","850.0","830.0","4.62K","-0.28%"
"Jan 19, 2017","843.3","828.5","855.0","827.5","7.65K","1.78%"
"Jan 18, 2017","828.5","855.0","860.0","803.3","11.53K","-3.09%"
"Jan 17, 2017","855.0","789.5","859.0","789.5","12.46K","8.29%"
"Jan 16, 2017","789.5","777.5","799.0","770.1","6.55K","1.55%"
"Jan 15, 2017","777.5","769.8","783.4","765.0","3.26K","1.00%"
"Jan 14, 2017","769.8","782.4","797.3","763.1","5.57K","-1.61%"
"Jan 13, 2017","782.4","773.0","791.2","737.8","11.55K","1.22%"
"Jan 12, 2017","773.0","755.1","791.2","716.3","18.12K","2.37%"
"Jan 11, 2017","755.1","867.8","876.0","741.0","24.78K","-12.99%"
"Jan 10, 2017","867.8","862.0","874.0","854.4","5.27K","0.68%"
"Jan 09, 2017","862.0","865.7","869.0","831.7","7.46K","-0.43%"
"Jan 08, 2017","865.7","854.6","891.8","844.2","8.34K","1.29%"
"Jan 07, 2017","854.6","847.2","860.6","771.0","18.86K","0.87%"
"Jan 06, 2017","847.2","940.1","979.0","827.7","24.29K","-9.88%"
"Jan 05, 2017","940.1","1,074.0","1,087.4","895.2","33.05K","-12.47%"
"Jan 04, 2017","1,074.0","993.0","1,089.0","989.8","21.49K","8.16%"
"Jan 03, 2017","993.0","973.8","994.0","960.2","7.38K","1.98%"
"Jan 02, 2017","973.8","946.3","984.0","943.0","10.37K","2.90%"
"Jan 01, 2017","946.3","913.5","953.9","907.8","6.48K","3.59%"