,Vendor,Address
0,CNSHarmony,34Xo7fKRe9MjYBf3tyJjAFg9qX2kuFuhA1
1,TheHoneymonster,1Ew7BnRn3Q3xkpKMpgc7r5YFrkQXpwXMz7
4,EUCarder,1Nou6Q9qmxbi48m6eSeYy7KHvSSiWFMq5y
7,kaliforniaProducts,12oCEud6XZm9ePxiUnbiUvsjUwEUs8GsgE
10,DerFeinschmecker,bc1q63eumgx8a0esl4uu2zdusheadf79nxg5zup8h0
14,GasStation,178VJq7XQ23CwCUcnvyBZGJ8kwSz8VNE8C
17,kratomukonly,17XFyShxAYRs5oTjQXfYAaBaZG6fdS7nbY
23,KingHolland,bc1qmx268hl3uytkd6p0j94993m6ct7kwuj3wlahtk
29,lalilulelokiller,13SDMSdh27MV6WvEGn1HTXrd7D3VdjmbBo
31,poweldavis,1cGPmsdig4eVW6FKrvuR5XipF6K6nwkoY
33,FastKush,1DB223wy5gVGsYRCovZPP1it86Jc2txbUE
37,josephstalincoba,1PkgsHAwAJdhPTx3AhiZy5UepQLaYo48hD
38,GreenSupreme,bc1qcuxc8fl7eqm8a48sv3n6vgqhc0mtzsswdy4h66
39,sadat,3AaFtDBgivWyakwYzyjb9EZiuGkppnMPR2
50,GreensOutlet,153p81SJc61UgLK27uxypnKdHXj3gnK7KF
53,DrReefer,1LUuReUPXBtYzPscQfcJDJZQGxT44LSLCi
55,oxyfox2,1DbwVfXS2A7A3JBhjmTggzRdMnT9GTSURe
57,ledoctorsg,16wc7gETcrJ1vmcvUusm44KH3siaxc1BXc
58,CaliTerps,17YVcNGhHp6UcXVgH8iysSbMW9mDMevxgY
60,SocialPharma,3DdUb8Tt59tvZacikVt6R9pYWYqzGqgxff
61,realxantaclaus,1NBqvC1CqWpPBkiNFc39dCWyqLgbhGuFMT
63,aKINDercare,188SmWHLK5HJTzi272a6RyAXuTu5FLP8yr
73,cjack8102,3BM4Kti2uJzPbSTgLtiahV3FM3gHfSDv1R
75,americansteroids,1PWVgJ96YtELbfqEW625JPG16NXsFYU315
76,HydePark,3NNSsRvL469mJC8w2SKUgi9YLHJGiycG7R
77,GreenPlanetExpress,bc1qu267nkcp37nzy4zutwps0mf00cd8r9yfs66h3r
82,MrGoldenEgg,135joxAHW7TNA8MJxdPMPHHCN3eZ2RfxwN
85,PushKing,1B9EK2ZGMvo848YhWRz46KqXqGkpfHp1xU
86,g3cko,1AR9EUhVMzRqyyok1aA7dPrtQQLmxZ3vqQ
90,thebestuk1,bc1qrv8c7wny8dgutwp3xmg7qtzlyjcd6hljhd9knn
92,pornseller,1Bog6ZBFYeY9EVFqh9eiiZSkK33jF7g32N
94,LoudDirect,1LkhUtpjGVmJYepzuXQs1ZduFGN5QsFXfF
96,KaliKings,1MLJ5EDQ7Sk8tj2Fa6rB17DAquZM2uhXLq
97,piccaso,1L7oHheNmkji7dWSNBX7KY33vYhuzjikM
98,Copek,1B7T63FcFKwoscqeuueM5ZV9sytk3rZvPJ
101,RebelAlliance,1GLxq7ftXJRx3UCmmc21ec2GXCLbpQAeTA
103,ShivaUK,3Fh7mrwa61d1adZa1wMNqPYEP8YFxH1HUe
109,oxytop,1A5mg93XJ8TPWqcSCXp2B6mgxtLZu9JBJS
113,Cannasanlight,3JbbuafVinwWG236Pq5smxCrJejKY5Cp2V
116,Kruidvat,bc1q6qpv6d42rwxyy0runjc8q0gjgdswyrkmup8r0a
118,Supervalu,15FoHH2hzjdJfdXGnKqoTuaLS4w9eBGDxz
121,petergriffin111,1MTpGWn8BCYEnSJEo1TPGb4upoLcgLwYXx
122,Druffi,bc1qmqc0x8kug6uzvd8xww0ddtl4dyfl6rg8dynwsq
127,TrueVape,1PcSFEJEPuvDcQ1AnA22PjF87g3a4bdk6L
130,HAZETIME,1MmGvPAa4ejL8NoHccWJDqHBkmTKFrMkux
131,VanillaSurf,1Ltnj2CmTdhEwqRHKUYGuwkfnhHzqL7HHv
132,Refrain,39KMo3ENoGNjav29yZ5WcfvCjBdkstvJW1
133,MadeInGermany,bc1qmch7nmn0njveu46mk29eyq7gtc2hfuarehc79v
140,AlwaysOverweight,bc1q64awzh37tp6qedvhx72sqp03r4v5qnsh8ad37w
142,UKnootropix,1PcYQ1GK84cWPvy96DjkyNHpaGSZJKtRVJ
144,victorviran,14V2EW6qDJb1P5fuhHEoSKVZhmMhqVQj6p
148,ukwhite,1B4bYDgNTn8XX6nwKNrtxw4dVb5Fd1tZc
149,SunshineShop,1QLQsfRT2t7apR8anmPzuYbdTg6PDkvS15
150,Psycellium,1GgsPcv34P1ZnHTX1viBH962UBzaMzWsyG
157,WhiteList,19hnupr4toFWuqsoo719sPWpzfHZmvtUSs
159,DrParagon,1AnaQzfd67M9dRiADTLsq1fD1sgD9Xg36m
161,yourbudsfromcanada,1681LoJbJrSvWmDXBxtEYaq1yWmgQcbwCh
162,Drugjo,3BxTxwdiXRpNnk8g2iQCfBUeUnpkisr5iq
164,somecvvvendor,1Bn4jT4Lzo6f5nwvg9tRrJKspdMuSFodqM
169,probitexchange,1Pe6VbxpZSsJjHFWrDqPfBWTkgaXCC9zWq
170,EmergencyB,1K1SQBYWQzqo7n7g2JnUCwufKiXU11po9e
171,SafeStash,34jBUYBD3ZBzPQpiDKQuYoFAW6pizGcmQK
173,CTB,1BBM6tnUQ8LESbLeAkCNbNDQikyv171YGP
176,CaliforniasFinest,18fApcCTGcuwmdXSi6MnzCKXbzBe7qc5Bk
177,cannadepot,33WKANYVavBrbqTJHXGzZmKhtCPBQQCg4a
182,LySanDerspooner,1Q7pFoDrXamscSyfDjsBKTXwf4h8zWwvU4
184,vessel,1LeQaLmvSJ1f457zbVBGG3qgVSD6w3hHtb
185,Mushrooms4U,1QHTrmVi7MWVRiYmQsc7aGW5ZpE3Xtq67N
186,PremiumSteroids,1Hc7yTuFTDecNn7vpSZCW9qnLGbXggvTQJ
188,mushmadness,1CowYNnnFWjKGDyauKMYG6FYDfhJwaFcqg
190,SCM,1EbMqL5VbD61rpe4euH5NQgU7ctDpZBtVK
191,expresspharma,1j5RMsMRiBHCPUjvjyS4SMJyuxQiJNLCc
194,drhack3r,1MPPoNZWvw2CR5u5VJk86h9zepEeZnmkN3
195,DrogenTeamDE,bc1qgsggu0r0fecqhy2dp3lwm66qefc7rn5acn62m0
200,Apidae,1GVUFZvoDpdGdhdAnKLUdcqTnS3vCKhYB9
202,bestcoastbud,1whmQjw43H44AWCdsfbyA8hsxmj1RbPWn
204,trottersstash,1H3VB7HcLLQypKcBjMYNQ7SJ6BanukFGfi
207,OrangeLotus,1C6ZQK9JtDmw155Fos5yD74eCJRv2Mqnma
208,StoneyBizzleFarms,3Ka3pt7Me9iSBujgZn3Sf1uJrXcczUzKhy
211,PingPongUK,1G4E8Q2RRMiEE5hhfCyzPbMJw2gwcf5VF3
212,andymacht,19CFcbuhBL9SCQcqV7THCF21G7w5imrFcJ
223,NancyBotwin2019,12cUJnYUimkaZe1kUo5HBCKq4w3JjDthcR
225,smartshop,1LPwC23iPGU1XdzUXGNj4rHFUP5Nv42BNR
229,LittleMsMushrooms,1Pgjd4iTFNq8vqtQAP2yzjzhGovc8k8mYo
232,GreenBeansUSA,14tx8HRdKB8MMvMqXEyPUjeQxoopMHoMW2
233,Apollopharmacy,3CCDW1cL4hENkyU3vhytYRmmAjmKkxe6pj
234,TRIPSITTERZ,37eU2BRgbemPUSjVaqqRfLbWyoy63mE4Yp
238,straightdave,1HpogJVu2eoTyfXPm8es6EMBD1U3LbzgXe
240,accountheaven,1JDS1kah8m1ofcPXWUvnTxiEiQRQJ2tWsm
244,safepharma,1F471QAw5vSyLMpwvTWeGxwCqnziURrYou
246,MandyCandy,1HgECgRbUZ4D3r1kS1UienhSuRf9nDGSfz
250,Bedrocan,1GPRCcDBahkeExQ3AFw4Y9MyHbsu3zDtm3
255,OGServices,12my7cRxgT2a9HTJDg9tbRVyfcSFM3AVY7
261,Radarbreeder,1CTZ2eivo7m5iC9mQebPfsURDJTKYkGjMc
271,LaBelleDeMai,bc1q83gpy2hvcy0tnu4mkpx9wyw8acms2037qz0ja3
272,Buds4You,1HmuknNqMZaGRSRyX49Xk39GN4WHmK8Ai3
274,MrAddyDeals,1Cv7VnPQ4gUhJqsimuH6ywoyxdBNM5nibn
276,cabackdoormedical,15nXtkNSrYEi89ADRixEBcQRkPp967ExHd
278,Pushar,136pV8zAatXRKmNewNndDcNQyESY5WNw14
280,Edelweiss,1PbTRjVcmQuZGT3TJUh741H3iGAqt3zJgv
283,KingpinPinguin,15qHXSuJRZScovrwtTT8M4xewLcXWyzVJC
284,amazonprimestore,1EBhQdDgeBtyqmVfWwBD2fbAzn27j8FsBd
285,rxsub,36tWXdXy8wBV9octLcGMvamrbetLtGVZX7
288,tripwirewiki2,1BC1Xy6Q5Tye9ShT3HRqmvVoMKJtu6VfEP
294,MethadMan,3HSsM18LuAtVgV9oeN6r96zbQBeNe5dc7d
295,CaptainBlackbeard,3GeiD7SqNmQsW58UdwBNfYz5iTPxh4FhYJ
296,bitbuster,1F7RWMQbtrwFmrXGVT7wV786E6E8ouVayY
299,COMPLEX,34eKPcVfHPwU68tm6w1siwTt4QK9uWaJKG
300,canadianpharmacy,1AprKdhvmM7k4dtg88xwFUsh3spjJm4E2a
303,Enjoyable,13TZDzZi4A5YttGWYPi4ZgSLhnuHKRoooh
304,therealLBZ,3Pj8ktB86bK83i15Ynj7FbqymmAMiWLxiE
306,Raux18faux,1CcuDUdfhPiYyUcuyB8mpaeS2cDDogag3b
307,gnarlygnome,1HEL8fukcAgKkiVkdin5Gen4AjPtGfh8sw
311,Badbear707,1EzBkUXkHFgkgXMxTMP2xuRcrqQQYxu89w
314,DutchFlowers,1BEudL5JLgc6vtcAt2Hkd6KFSGmmz9aTBm
316,RLC,1DdbF3VPvzo6nQDfU65U2ntRQpwfAf5nJW
321,MrQ12,1EiRaNHPC6sbfqcuuvijdFfaaGeVx2hHYH
323,fairdealz,bc1qfgqmngupvf6v8x0z6sx2mst7ap8zsfg88w7ptd
327,Qualitywhite,135LnsFgTnhKUXDDbCgxhuNqnCt7W2LqjM
331,Germanhero79,bc1qcvsw3zztqpmlnr9lxqqc9l228zzd52atlmrp5d
332,SteroidWarehouse,1NhKkNdGRYd5jyip3uPkboG1YrvtZ7ihzM
335,UnrealOrganics,1CF2zpUgk6ThqD6PHqkzP8qKqRdo6MZCHz
338,Drugbox24,1FfEfpLMZAmAm6nrVqZB1E3kgw34Yywp28
340,emeraldciti,1PA7CBZuBcRwHi6BJU9zeRVRuQ5eDie9te
341,TheDutchPastorNL,bc1q5ma094938vfmwz9wrz3gaq46ncp25utcmnj3p2
342,LiquidGoldUK,3L2Ap3fYbMu3dKMpkor81hQSvraYQnQ75u
343,pharmabro,1LN8n1osknm7iJg6Tzdzte4MgD4o8KNYBc
344,Mariolove,1PmFsafdki115TQGyWbb2mRkHcP3Av3aWR
347,Inquireequuleus,16DzQnVtisVncNMxZDkb2WmRgDX6gFGooi
351,BitcoinFrauder,384CSKny3M1c7eKt2ULGeWU5Hsmw6WAw69
355,Discover,1HCHGfJmGxqF1acN2LYq8DhTsbcHuYrByn
359,picsou,14TnaGrQ6w52MV8gXkFkMfHWZKjxXuyiUT
363,California420Service,12Z6PmQLbmswtQ6SxqywFKsXdawDR6mtPt
364,JustRelax,186PLj19rSg3da88EDetYn5LHy2t6wmekk
367,CartKing,1KkwMgz8xSEpE6GFELQp8qCvb3qbvgYVMA
368,luxlife,13atAKdGxauJ942cm9N7kCijYTnjsFW5Hw
373,TheLordsOfKTown,1FQahHREkjuYhR7sY2tWx9pVT2DCZo7c6T
376,HonestCocaine,18ioUT651boFDZAcpwVvyNn4ifeAHCpTjg
377,eire1916,158EE7pNXCTmZQKdzY5wKBcySNi5CpfkXt
379,nbholmz,1D9qCS1EiS8Nrfn72KfGTe3cW3EmDEueMe
380,Spielzeugladen,1HvR13BH9N3yVRfi8BpZaHcw2n8kVWrpUS
381,tomandjerry,1NdSGTXhWvcw7BFWM5edhevfiTptqazZQz
387,DSLabs,bc1q3j8tvxq7wfazem6u0wh2dsdtyujyjdfumeszdp
389,TopLoader,1NNXgu6rQPPrZRzCgBXHF15gnwnFJf23Y6
393,winterCarts,14QGNKsnSU2KitGm9LHUGnapwzsj2me5YF
394,QuantumDocs,18QaGNThkCBztThmb3D6cP5nai7FbDoK9D
395,TheGrassCompany,18vHArXoQKGmTz89PhqJ3t9a17RG46DsVy
396,mamba,128swdThJGygSQuRXN6QXW1r7QZDbdL4Rj
397,TheWizard,1H3uiE4nT8kxxY6pgUfkVYSa6LMA7DYfwo
400,goethe666,bc1qarawwpqpppptuyhavzlp332yeatncq5c88q3s4
402,DrRelax,1EKMMqJ9cc2oFuZVkEqsD49czigTpumDe6
406,thebudbros,17PiF3fUkyRu9RJ8VmJ2vJC8BhqDrhsCi3
412,Drpillss,1MwaU22bkc2Nq36Svr9Y4i4pbsJduLHTu1
415,Insta,14pzCSQWAkFVSGdJ2BYVE3VH8NkFuMSW3a
416,flavorcountry,1L7d4z7y8yreCjG8ShYZu68TGHXJqpKvDL
420,Righteous,1PhiPvXb1LXhkKzVVSRCBH43Mm4bCRJBxu
425,martell,15jzC7RtXxCiZ8mKk1fsSFSjk1sQT4Lpi7
426,wochris,3MDpbuBz5PhYTx5HGNrCJCRLpsNGBPpMYn
432,CaliCannabisClub,1EYpzPDjxCgLvsRgS6rHkbChwAJRdWnZAL
435,hollandinc,33fA59tdwFkoGitzdgJyHmuD6LRdCuY1dS
438,TeamSonic,1AK2N9L31E8dYfzmSFtxSRSe5NaYJ2Qhs6
440,royalqueenweed,1BancjJRAxpK3CKVukpbTdtaPvzsra2N5Y
442,enjoymyaccount,15trqEZTBMZFRTHFnzGYzWenWgRGZmMeqe
445,Tranquiltreats,1J6MMLyaxKtumXuVKZtq6uhYNEHFgMjdct
448,Trippy,37Nx6eWwrSVhyJ8LqXwddPjzHisk7sxu24
453,bobmarleyman,1JjmUU3n9PJ8gHKN7HdxyZAWyQk3oaEKS9
454,raperholic,35vgRpCgfyWojh4J4zED8M9sBGnS5Z8JuX
457,SpiceSpiceBaby,16gKcWbAQ4mk74PmEV8o3sPBAwiBB1NeyY
460,AlphaCVV,33xfXSsN2nk9XoYVmoUZRUckENLKjvUt3Q
464,ezinpharma,16r3Xe7W56VhyCxTVmqLkBWptZ3isyX1Cz
465,Cambridge20k,1J3dsbjbkruwTUyBWtBa9uDVVndphbhrw5
472,ivankapharma,1AGiRdiNb5yJkxAPyvfAK5giKqim5JQqgu
478,WeGotTheGoods,16BZXgUAiZ9jPQFDjvD4N7EDRBJKuiXuDK
480,PleasureIsland,167rxKSzZpoCo8gPoLWAz9SmLyjAEJZyyB
484,Staxx,1M4PRVLGfQK95e8EgtB23NpyaXoc2N4pd1
485,MyTemsDE,1BrMAK2UD5WSWR45umXYSgRnuy4Th1zzh
489,AshWilliams,12FvQm3uQt8PucxN4uB14aurxzS8cwWRyY
493,trusteelucky,3Pkmoc6Fdxd5fEwfCSAU94rk34tBqTaAXj
495,DCdutchconnectionUK,19ssdgzcxjfbhHWAEwW48VF1vP4AjtZfHS
496,ukkingofcoke,3LWWyMFNXTYNu6ih4UjEnXEembd2TCKQWV
499,Medicineman1,1NYBvdY2pKfDMp9Xs2UNXA37mtbPprnWn1
505,kripsyFR,1NMV7gXsx5XjfSjKgkdCcL4UpVQ28jUbRj
506,PeoplesRevolution,bc1q44xaqpwcgyzms209nqx4klfyp8ae4nvxvkv897
507,Budness,1DroE1PZLk3PUKkwGdP24wNFQDnEwn5rds
508,FrostyNuggs,1CBi7ekJewwdqzJ2pQRjwtrnBX1jmHWb7z
510,badseedz,1Ks3n1aZ81UK7veR57aMx6fsF6wnbnXmTM
518,TripWithScience,1dDy6cTg3jbXFZS2GJzQ3YzrLhJzqLuUq
519,kushryan,1N5gFQbibdvDhfG1EcNZkHBax1A3PDsn81
522,2Kush,1DKDFhUDyiJ7NVd9ynkUx8KGrZL8h9bh7C
526,TheSaint,1HSuG2P3unyKjWhw1WeDBkRnMkajCPpCEG
527,CandyLandTO,3HpVTipM9RJjYBKnzp9yfaeKeQ5MEfJn5o
529,HashAndWeed,1BvQ4UCL3zDEVgzGYvn9yeqjThtToiCZs6
530,THETHCDOCTOR,bc1qkahd27yvk8e3kvys0zpewgq0vz2m56nlxr0ps5
531,careersclap,36KxVxD3hxcR6gV5dk41nG7ka2xhPm51v7
532,GrandWizardsLair,1LoXrv7WQ5H6m2BdY99VpYsSdKcGyxwke4
533,clockwerk,14VSzUV8NffH3miGAGzdAx62gVumgw3afr
534,hashking,19bBP43Mh4edueHie5akFBiqRngjUcexeK
536,ChipChipperson,1LaxMbZ2zh6H7PuKFy5v9axCk1EPBpe8r4
537,Scurvyg,1AyKb8yv4eBjazsZPBTEwvLRVuNYfxLKrV
